Workbook

Sheet 종합등위분류1
B1: 초 등 부 종 합 등 위 | F1: 중 등 부 종 합 등 위 | K1: 전 체 종 합 등 위
A2: 정렬 | B2: 등위 | C2: 소속 | D2: 기록 | E2: 평균시속 | F2: 등위 | G2: 소속 | H2: 기록 | I2: 평균시속 | J2: 순 | K2: 종합등위 | L2: 소속 | M2: 종합기록 | N2: 평균시속
A3: 1 | B3: =[1]종합등위!$B3 -> 1 | C3: =[1]종합등위!$C3 -> 영천 | D3: =[1]종합등위!$K3 -> 0.041435185 | E3: =[1]종합등위!$M3 -> 15.888268 | F3: =[2]종합등위!$B3 -> 1 | G3: =[2]종합등위!$C3 -> 구미 | H3: =[2]종합등위!$J3 -> 0.039328704 | I3: =[2]종합등위!$L3 -> 16.739258 | J3: 1 | K3: =IF(M3=0,"",RANK(M3,$M$3:$M$25,2)&IF(COUNTIF($M$3:$M$25,M3)>=2,"("&COUNTIF($M$3:$M$25,M3)&")","")) -> 12 | L3: 포항 | M3: =IF(ISERROR(VLOOKUP(L3,$C$3:$D$25,2,FALSE)),0,VLOOKUP(L3,$C$3:$D$25,2,FALSE))+IF(ISERROR(VLOOKUP(L3,$G$3:$H$25,2,FALSE)),0,VLOOKUP(L3,$G$3:$H$25,2,FALSE)) -> 0.091782406 | N3: =IF(M3=0,"",$M$27/M3/24) -> 13.029004
A4: 2 | B4: =[1]종합등위!$B4 -> 2 | C4: =[1]종합등위!$C4 -> 경주 | D4: =[1]종합등위!$K4 -> 0.042418981 | E4: =[1]종합등위!$M4 -> 15.519782 | F4: =[2]종합등위!$B4 -> 2 | G4: =[2]종합등위!$C4 -> 영천 | H4: =[2]종합등위!$J4 -> 0.040081019 | I4: =[2]종합등위!$L4 -> 16.425065 | J4: 2 | K4: =IF(M4=0,"",RANK(M4,$M$3:$M$25,2)&IF(COUNTIF($M$3:$M$25,M4)>=2,"("&COUNTIF($M$3:$M$25,M4)&")","")) -> 3 | L4: 경주 | M4: =IF(ISERROR(VLOOKUP(L4,$C$3:$D$25,2,FALSE)),0,VLOOKUP(L4,$C$3:$D$25,2,FALSE))+IF(ISERROR(VLOOKUP(L4,$G$3:$H$25,2,FALSE)),0,VLOOKUP(L4,$G$3:$H$25,2,FALSE)) -> 0.084340278 | N4: =IF(M4=0,"",$M$27/M4/24) -> 14.178674
A5: 3 | B5: =[1]종합등위!$B5 -> 3 | C5: =[1]종합등위!$C5 -> 문경 | D5: =[1]종합등위!$K5 -> 0.043125001 | E5: =[1]종합등위!$M5 -> 15.2657 | F5: =[2]종합등위!$B5 -> 3 | G5: =[2]종합등위!$C5 -> 문경 | H5: =[2]종합등위!$J5 -> 0.040451388 | I5: =[2]종합등위!$L5 -> 16.274678 | J5: 3 | K5: =IF(M5=0,"",RANK(M5,$M$3:$M$25,2)&IF(COUNTIF($M$3:$M$25,M5)>=2,"("&COUNTIF($M$3:$M$25,M5)&")","")) -> 6 | L5: 김천 | M5: =IF(ISERROR(VLOOKUP(L5,$C$3:$D$25,2,FALSE)),0,VLOOKUP(L5,$C$3:$D$25,2,FALSE))+IF(ISERROR(VLOOKUP(L5,$G$3:$H$25,2,FALSE)),0,VLOOKUP(L5,$G$3:$H$25,2,FALSE)) -> 0.086770833 | N5: =IF(M5=0,"",$M$27/M5/24) -> 13.781513
A6: 4 | B6: =[1]종합등위!$B6 -> 4 | C6: =[1]종합등위!$C6 -> 안동 | D6: =[1]종합등위!$K6 -> 0.043379628 | E6: =[1]종합등위!$M6 -> 15.176095 | F6: =[2]종합등위!$B6 -> 4 | G6: =[2]종합등위!$C6 -> 칠곡 | H6: =[2]종합등위!$J6 -> 0.041446759 | I6: =[2]종합등위!$L6 -> 15.883832 | J6: 4 | K6: =IF(M6=0,"",RANK(M6,$M$3:$M$25,2)&IF(COUNTIF($M$3:$M$25,M6)>=2,"("&COUNTIF($M$3:$M$25,M6)&")","")) -> 7 | L6: 안동 | M6: =IF(ISERROR(VLOOKUP(L6,$C$3:$D$25,2,FALSE)),0,VLOOKUP(L6,$C$3:$D$25,2,FALSE))+IF(ISERROR(VLOOKUP(L6,$G$3:$H$25,2,FALSE)),0,VLOOKUP(L6,$G$3:$H$25,2,FALSE)) -> 0.086921295 | N6: =IF(M6=0,"",$M$27/M6/24) -> 13.757657 | O6: 초등부 바로가기
A7: 5 | B7: =[1]종합등위!$B7 -> 5 | C7: =[1]종합등위!$C7 -> 경산 | D7: =[1]종합등위!$K7 -> 0.044155093 | E7: =[1]종합등위!$M7 -> 14.909568 | F7: =[2]종합등위!$B7 -> 5 | G7: =[2]종합등위!$C7 -> 경주 | H7: =[2]종합등위!$J7 -> 0.041921298 | I7: =[2]종합등위!$L7 -> 15.70403 | J7: 5 | K7: =IF(M7=0,"",RANK(M7,$M$3:$M$25,2)&IF(COUNTIF($M$3:$M$25,M7)>=2,"("&COUNTIF($M$3:$M$25,M7)&")","")) -> 4 | L7: 구미 | M7: =IF(ISERROR(VLOOKUP(L7,$C$3:$D$25,2,FALSE)),0,VLOOKUP(L7,$C$3:$D$25,2,FALSE))+IF(ISERROR(VLOOKUP(L7,$G$3:$H$25,2,FALSE)),0,VLOOKUP(L7,$G$3:$H$25,2,FALSE)) -> 0.08494213 | N7: =IF(M7=0,"",$M$27/M7/24) -> 14.078212 | O7: 중등부 바로가기
A8: 6 | B8: =[1]종합등위!$B8 -> 6 | C8: =[1]종합등위!$C8 -> 고령 | D8: =[1]종합등위!$K8 -> 0.044224537 | E8: =[1]종합등위!$M8 -> 14.886155 | F8: =[2]종합등위!$B8 -> 6 | G8: =[2]종합등위!$C8 -> 김천 | H8: =[2]종합등위!$J8 -> 0.042164352 | I8: =[2]종합등위!$L8 -> 15.613505 | J8: 6 | K8: =IF(M8=0,"",RANK(M8,$M$3:$M$25,2)&IF(COUNTIF($M$3:$M$25,M8)>=2,"("&COUNTIF($M$3:$M$25,M8)&")","")) -> 8 | L8: 영주 | M8: =IF(ISERROR(VLOOKUP(L8,$C$3:$D$25,2,FALSE)),0,VLOOKUP(L8,$C$3:$D$25,2,FALSE))+IF(ISERROR(VLOOKUP(L8,$G$3:$H$25,2,FALSE)),0,VLOOKUP(L8,$G$3:$H$25,2,FALSE)) -> 0.087893517 | N8: =IF(M8=0,"",$M$27/M8/24) -> 13.605478
A9: 7 | B9: =[1]종합등위!$B9 -> 7 | C9: =[1]종합등위!$C9 -> 상주 | D9: =[1]종합등위!$K9 -> 0.04443287 | E9: =[1]종합등위!$M9 -> 14.816358 | F9: =[2]종합등위!$B9 -> 7 | G9: =[2]종합등위!$C9 -> 경산 | H9: =[2]종합등위!$J9 -> 0.042465278 | I9: =[2]종합등위!$L9 -> 15.502862 | J9: 7 | K9: =IF(M9=0,"",RANK(M9,$M$3:$M$25,2)&IF(COUNTIF($M$3:$M$25,M9)>=2,"("&COUNTIF($M$3:$M$25,M9)&")","")) -> 1 | L9: 영천 | M9: =IF(ISERROR(VLOOKUP(L9,$C$3:$D$25,2,FALSE)),0,VLOOKUP(L9,$C$3:$D$25,2,FALSE))+IF(ISERROR(VLOOKUP(L9,$G$3:$H$25,2,FALSE)),0,VLOOKUP(L9,$G$3:$H$25,2,FALSE)) -> 0.081516204 | N9: =IF(M9=0,"",$M$27/M9/24) -> 14.669885
A10: 8 | B10: =[1]종합등위!$B10 -> 8 | C10: =[1]종합등위!$C10 -> 김천 | D10: =[1]종합등위!$K10 -> 0.044606481 | E10: =[1]종합등위!$M10 -> 14.758693 | F10: =[2]종합등위!$B10 -> 8 | G10: =[2]종합등위!$C10 -> 영주 | H10: =[2]종합등위!$J10 -> 0.043090277 | I10: =[2]종합등위!$L10 -> 15.278002 | J10: 8 | K10: =IF(M10=0,"",RANK(M10,$M$3:$M$25,2)&IF(COUNTIF($M$3:$M$25,M10)>=2,"("&COUNTIF($M$3:$M$25,M10)&")","")) -> 9 | L10: 상주 | M10: =IF(ISERROR(VLOOKUP(L10,$C$3:$D$25,2,FALSE)),0,VLOOKUP(L10,$C$3:$D$25,2,FALSE))+IF(ISERROR(VLOOKUP(L10,$G$3:$H$25,2,FALSE)),0,VLOOKUP(L10,$G$3:$H$25,2,FALSE)) -> 0.088877315 | N10: =IF(M10=0,"",$M$27/M10/24) -> 13.454877
A11: 9 | B11: =[1]종합등위!$B11 -> 9 | C11: =[1]종합등위!$C11 -> 영주 | D11: =[1]종합등위!$K11 -> 0.04480324 | E11: =[1]종합등위!$M11 -> 14.693878 | F11: =[2]종합등위!$B11 -> 9 | G11: =[2]종합등위!$C11 -> 포항 | H11: =[2]종합등위!$J11 -> 0.043344907 | I11: =[2]종합등위!$L11 -> 15.188251 | J11: 9 | K11: =IF(M11=0,"",RANK(M11,$M$3:$M$25,2)&IF(COUNTIF($M$3:$M$25,M11)>=2,"("&COUNTIF($M$3:$M$25,M11)&")","")) -> 2 | L11: 문경 | M11: =IF(ISERROR(VLOOKUP(L11,$C$3:$D$25,2,FALSE)),0,VLOOKUP(L11,$C$3:$D$25,2,FALSE))+IF(ISERROR(VLOOKUP(L11,$G$3:$H$25,2,FALSE)),0,VLOOKUP(L11,$G$3:$H$25,2,FALSE)) -> 0.083576389 | N11: =IF(M11=0,"",$M$27/M11/24) -> 14.308268
A12: 10 | B12: =[1]종합등위!$B12 -> 10 | C12: =[1]종합등위!$C12 -> 구미 | D12: =[1]종합등위!$K12 -> 0.045613426 | E12: =[1]종합등위!$M12 -> 14.432885 | F12: =[2]종합등위!$B12 -> 10 | G12: =[2]종합등위!$C12 -> 안동 | H12: =[2]종합등위!$J12 -> 0.043541667 | I12: =[2]종합등위!$L12 -> 15.119617 | J12: 10 | K12: =IF(M12=0,"",RANK(M12,$M$3:$M$25,2)&IF(COUNTIF($M$3:$M$25,M12)>=2,"("&COUNTIF($M$3:$M$25,M12)&")","")) -> 5 | L12: 경산 | M12: =IF(ISERROR(VLOOKUP(L12,$C$3:$D$25,2,FALSE)),0,VLOOKUP(L12,$C$3:$D$25,2,FALSE))+IF(ISERROR(VLOOKUP(L12,$G$3:$H$25,2,FALSE)),0,VLOOKUP(L12,$G$3:$H$25,2,FALSE)) -> 0.08662037 | N12: =IF(M12=0,"",$M$27/M12/24) -> 13.805452
A13: 11 | B13: =[1]종합등위!$B13 -> 11 | C13: =[1]종합등위!$C13 -> 칠곡 | D13: =[1]종합등위!$K13 -> 0.047997685 | E13: =[1]종합등위!$M13 -> 13.715939 | F13: =[2]종합등위!$B13 -> 11 | G13: =[2]종합등위!$C13 -> 상주 | H13: =[2]종합등위!$J13 -> 0.044444445 | I13: =[2]종합등위!$L13 -> 14.8125 | J13: 11 | K13: =IF(M13=0,"",RANK(M13,$M$3:$M$25,2)&IF(COUNTIF($M$3:$M$25,M13)>=2,"("&COUNTIF($M$3:$M$25,M13)&")","")) -> 16 | L13: 군위 | M13: =IF(ISERROR(VLOOKUP(L13,$C$3:$D$25,2,FALSE)),0,VLOOKUP(L13,$C$3:$D$25,2,FALSE))+IF(ISERROR(VLOOKUP(L13,$G$3:$H$25,2,FALSE)),0,VLOOKUP(L13,$G$3:$H$25,2,FALSE)) -> 0.10597222 | N13: =IF(M13=0,"",$M$27/M13/24) -> 11.284404
A14: 12 | B14: =[1]종합등위!$B14 -> 12 | C14: =[1]종합등위!$C14 -> 포항 | D14: =[1]종합등위!$K14 -> 0.048437499 | E14: =[1]종합등위!$M14 -> 13.591398 | F14: =[2]종합등위!$B14 -> 12 | G14: =[2]종합등위!$C14 -> 고령 | H14: =[2]종합등위!$J14 -> 0.045173612 | I14: =[2]종합등위!$L14 -> 14.573405 | J14: 12 | K14: =IF(M14=0,"",RANK(M14,$M$3:$M$25,2)&IF(COUNTIF($M$3:$M$25,M14)>=2,"("&COUNTIF($M$3:$M$25,M14)&")","")) -> 19 | L14: 의성 | M14: =IF(ISERROR(VLOOKUP(L14,$C$3:$D$25,2,FALSE)),0,VLOOKUP(L14,$C$3:$D$25,2,FALSE))+IF(ISERROR(VLOOKUP(L14,$G$3:$H$25,2,FALSE)),0,VLOOKUP(L14,$G$3:$H$25,2,FALSE)) -> 0.1074537 | N14: =IF(M14=0,"",$M$27/M14/24) -> 11.128824
A15: 13 | B15: =[1]종합등위!$B15 -> 13 | C15: =[1]종합등위!$C15 -> 영덕 | D15: =[1]종합등위!$K15 -> 0.048645833 | E15: =[1]종합등위!$M15 -> 13.533191 | F15: =[2]종합등위!$B15 -> 13 | G15: =[2]종합등위!$C15 -> 영덕 | H15: =[2]종합등위!$J15 -> 0.047372685 | I15: =[2]종합등위!$L15 -> 13.896897 | J15: 13 | K15: =IF(M15=0,"",RANK(M15,$M$3:$M$25,2)&IF(COUNTIF($M$3:$M$25,M15)>=2,"("&COUNTIF($M$3:$M$25,M15)&")","")) -> 22 | L15: 청송 | M15: =IF(ISERROR(VLOOKUP(L15,$C$3:$D$25,2,FALSE)),0,VLOOKUP(L15,$C$3:$D$25,2,FALSE))+IF(ISERROR(VLOOKUP(L15,$G$3:$H$25,2,FALSE)),0,VLOOKUP(L15,$G$3:$H$25,2,FALSE)) -> 0.1150463 | N15: =IF(M15=0,"",$M$27/M15/24) -> 10.394366
A16: 14 | B16: =[1]종합등위!$B16 -> 14 | C16: =[1]종합등위!$C16 -> 예천 | D16: =[1]종합등위!$K16 -> 0.049305557 | E16: =[1]종합등위!$M16 -> 13.352112 | F16: =[2]종합등위!$B16 -> 14 | G16: =[2]종합등위!$C16 -> 봉화 | H16: =[2]종합등위!$J16 -> 0.050486112 | I16: =[2]종합등위!$L16 -> 13.03989 | J16: 14 | K16: =IF(M16=0,"",RANK(M16,$M$3:$M$25,2)&IF(COUNTIF($M$3:$M$25,M16)>=2,"("&COUNTIF($M$3:$M$25,M16)&")","")) -> 20 | L16: 영양 | M16: =IF(ISERROR(VLOOKUP(L16,$C$3:$D$25,2,FALSE)),0,VLOOKUP(L16,$C$3:$D$25,2,FALSE))+IF(ISERROR(VLOOKUP(L16,$G$3:$H$25,2,FALSE)),0,VLOOKUP(L16,$G$3:$H$25,2,FALSE)) -> 0.11070602 | N16: =IF(M16=0,"",$M$27/M16/24) -> 10.801882
A17: 15 | B17: =[1]종합등위!$B17 -> 15 | C17: =[1]종합등위!$C17 -> 봉화 | D17: =[1]종합등위!$K17 -> 0.05074074 | E17: =[1]종합등위!$M17 -> 12.974453 | F17: =[2]종합등위!$B17 -> 15 | G17: =[2]종합등위!$C17 -> 의성 | H17: =[2]종합등위!$J17 -> 0.050833333 | I17: =[2]종합등위!$L17 -> 12.95082 | J17: 15 | K17: =IF(M17=0,"",RANK(M17,$M$3:$M$25,2)&IF(COUNTIF($M$3:$M$25,M17)>=2,"("&COUNTIF($M$3:$M$25,M17)&")","")) -> 13 | L17: 영덕 | M17: =IF(ISERROR(VLOOKUP(L17,$C$3:$D$25,2,FALSE)),0,VLOOKUP(L17,$C$3:$D$25,2,FALSE))+IF(ISERROR(VLOOKUP(L17,$G$3:$H$25,2,FALSE)),0,VLOOKUP(L17,$G$3:$H$25,2,FALSE)) -> 0.096018519 | N17: =IF(M17=0,"",$M$27/M17/24) -> 12.454195
A18: 16 | B18: =[1]종합등위!$B18 -> 16 | C18: =[1]종합등위!$C18 -> 청도 | D18: =[1]종합등위!$K18 -> 0.05136574 | E18: =[1]종합등위!$M18 -> 12.816584 | F18: =[2]종합등위!$B18 -> 16 | G18: =[2]종합등위!$C18 -> 예천 | H18: =[2]종합등위!$J18 -> 0.050949073 | I18: =[2]종합등위!$L18 -> 12.9214 | J18: 16 | K18: =IF(M18=0,"",RANK(M18,$M$3:$M$25,2)&IF(COUNTIF($M$3:$M$25,M18)>=2,"("&COUNTIF($M$3:$M$25,M18)&")","")) -> 17 | L18: 청도 | M18: =IF(ISERROR(VLOOKUP(L18,$C$3:$D$25,2,FALSE)),0,VLOOKUP(L18,$C$3:$D$25,2,FALSE))+IF(ISERROR(VLOOKUP(L18,$G$3:$H$25,2,FALSE)),0,VLOOKUP(L18,$G$3:$H$25,2,FALSE)) -> 0.1062037 | N18: =IF(M18=0,"",$M$27/M18/24) -> 11.259808
A19: 17 | B19: =[1]종합등위!$B19 -> 17 | C19: =[1]종합등위!$C19 -> 영양 | D19: =[1]종합등위!$K19 -> 0.053055556 | E19: =[1]종합등위!$M19 -> 12.408377 | F19: =[2]종합등위!$B19 -> 17 | G19: =[2]종합등위!$C19 -> 울진 | H19: =[2]종합등위!$J19 -> 0.051701389 | I19: =[2]종합등위!$L19 -> 12.733378 | J19: 17 | K19: =IF(M19=0,"",RANK(M19,$M$3:$M$25,2)&IF(COUNTIF($M$3:$M$25,M19)>=2,"("&COUNTIF($M$3:$M$25,M19)&")","")) -> 10 | L19: 고령 | M19: =IF(ISERROR(VLOOKUP(L19,$C$3:$D$25,2,FALSE)),0,VLOOKUP(L19,$C$3:$D$25,2,FALSE))+IF(ISERROR(VLOOKUP(L19,$G$3:$H$25,2,FALSE)),0,VLOOKUP(L19,$G$3:$H$25,2,FALSE)) -> 0.089398149 | N19: =IF(M19=0,"",$M$27/M19/24) -> 13.376489
... A24: 22 | B24: =[1]종합등위!$B24 -> 22 | C24: =[1]종합등위!$C24 -> 청송 | D24: =[1]종합등위!$K24 -> 0.057083334 | E24: =[1]종합등위!$M24 -> 11.532847 | F24: =[2]종합등위!$B24 -> 22 | G24: =[2]종합등위!$C24 -> 성주 | H24: =[2]종합등위!$J24 -> 0.058865741 | I24: =[2]종합등위!$L24 -> 11.183641 | J24: 22 | K24: =IF(M24=0,"",RANK(M24,$M$3:$M$25,2)&IF(COUNTIF($M$3:$M$25,M24)>=2,"("&COUNTIF($M$3:$M$25,M24)&")","")) -> 18 | L24: 울진 | M24: =IF(ISERROR(VLOOKUP(L24,$C$3:$D$25,2,FALSE)),0,VLOOKUP(L24,$C$3:$D$25,2,FALSE))+IF(ISERROR(VLOOKUP(L24,$G$3:$H$25,2,FALSE)),0,VLOOKUP(L24,$G$3:$H$25,2,FALSE)) -> 0.10657407 | N24: =IF(M24=0,"",$M$27/M24/24) -> 11.220678
A25: 23 | J25: 23
B27: 초등구간거리 | D27: =[3]초등부자료입력!$C$1 -> 14.35 | F27: 중등구간거리 | H27: =[4]중등부자료입력!$C$1 -> 14.35 | K27: 총구간거리 | M27: =D27+H27 -> 28.7
B30: 1.복사할 면 시트보호후 전체를 복사 함 2.붙여넣을 면에 " 붙여넣기" 선택

Sheet 도교육청요청자료1
B1: 초 등 부 종 합 등 위 | F1: 중 등 부 종 합 등 위 | K1: 전 체 종 합 등 위
A2: 순 | B2: 등위 | C2: 소속 | D2: 기록 | E2: 평균시속 | F2: 등위 | G2: 소속 | H2: 기록 | I2: 평균시속 | J2: 순 | K2: 종합등위 | L2: 소속 | M2: 종합기록 | N2: 평균시속
A3: 1 | B3: 1 | C3: 영천 | D3: 0.038553241 | E3: 15.508856 | F3: 1 | G3: 구미 | H3: 0.038229167 | I3: 15.640327 | J3: 5 | K3: 1 | L3: 구미 | M3: 0.078148148 | N3: 15.302133
A4: 2 | B4: 2 | C4: 고령 | D4: 0.03974537 | E4: 15.043681 | F4: 2 | G4: 상주 | H4: 0.038761574 | I4: 15.4255 | J4: 6 | K4: 2 | L4: 영주 | M4: 0.079722222 | N4: 15
A5: 3 | B5: 3 | C5: 영주 | D5: 0.039826389 | E5: 15.013078 | F5: 3 | G5: 칠곡 | H5: 0.03880787 | I5: 15.407098 | J5: 19 | K5: 3 | L5: 칠곡 | M5: 0.079780093 | N5: 14.989119
A6: 4 | B6: 4 | C6: 구미 | D6: 0.039918981 | E6: 14.978255 | F6: 4 | G6: 경산 | H6: 0.039502315 | I6: 15.136244 | J6: 10 | K6: 4 | L6: 경산 | M6: 0.079814815 | N6: 14.982599
A7: 5 | B7: 5 | C7: 경산 | D7: 0.0403125 | E7: 14.832041 | F7: 5 | G7: 영주 | H7: 0.039895833 | I7: 14.986945 | J7: 8 | K7: 5 | L7: 상주 | M7: 0.082291667 | N7: 14.531646
A8: 6 | B8: 6 | C8: 칠곡 | D8: 0.040972222 | E8: 14.59322 | F8: 6 | G8: 안동 | H8: 0.040243056 | I8: 14.857636 | J8: 17 | K8: 6 | L8: 고령 | M8: 0.082384259 | N8: 14.515313
A9: 7 | B9: 7 | C9: 경주 | D9: 0.041851852 | E9: 14.286504 | F9: 7 | G9: 문경 | H9: 0.040358796 | I9: 14.815027 | J9: 9 | K9: 7 | L9: 문경 | M9: 0.082604167 | N9: 14.476671
A10: 8 | B10: 8 | C10: 문경 | D10: 0.04224537 | E10: 14.153425 | F10: 8 | G10: 김천 | H10: 0.040752315 | I10: 14.671968 | J10: 2 | K10: 8 | L10: 경주 | M10: 0.082662037 | N10: 14.466536
A11: 9 | B11: 9 | C11: 포항 | D11: 0.0425 | E11: 14.068627 | F11: 9 | G11: 경주 | H11: 0.040810185 | I11: 14.651163 | J11: 7 | K11: 9 | L11: 영천 | M11: 0.08275463 | N11: 14.45035
A12: 10 | B12: 10 | C12: 상주 | D12: 0.043530093 | E12: 13.735709 | F12: 10 | G12: 포항 | H12: 0.04099537 | I12: 14.58498 | J12: 1 | K12: 10 | L12: 포항 | M12: 0.08349537 | N12: 14.322151
A13: 11 | B13: 11 | C13: 안동 | D13: 0.043935185 | E13: 13.609062 | F13: 11 | G13: 영덕 | H13: 0.041145833 | I13: 14.531646 | J13: 4 | K13: 11 | L13: 안동 | M13: 0.084178241 | N13: 14.205967
A14: 12 | B14: 12 | C14: 예천 | D14: 0.045092593 | E14: 13.259754 | F14: 12 | G14: 고령 | H14: 0.042638889 | I14: 14.022801 | J14: 3 | K14: 12 | L14: 김천 | M14: 0.089050926 | N14: 13.428646
... A24: 22 | B24: 22 | C24: 청송 | D24: 0.052962963 | E24: 11.289336 | F24: 22 | G24: 의성 | H24: 0.051643519 | I24: 11.577768 | J24: 12 | K24: 22 | L24: 의성 | M24: 0.10143519 | N24: 11.789137
A25: 23 | B25: 23 | C25: 0 | D25: 0 | E25: 0 | F25: 23 | G25: 0 | H25: 0 | I25: 0 | J25: 23
B27: 초등구간거리 | D27: =[3]초등부자료입력!$C$1 -> 14.35 | F27: 중등구간거리 | H27: =[4]중등부자료입력!$C$1 -> 14.35 | K27: 총구간거리 | M27: =D27+H27 -> 28.7
B30: 1.복사할 면 시트보호후 전체를 복사 함 2.붙여넣을 면에 " 붙여넣기" 선택

Sheet 초등부
A1: 총구간거리 | C1: 15.3 | D1: 100 | E1: 구 간 마 라 톤 대 회 (초 등 부)
A2: 구간 소속 | D2: 포항 | E2: 경주 | F2: 김천 | G2: 안동 | H2: 구미 | I2: 영주 | J2: 영천 | K2: 상주 | L2: 문경 | M2: 경산 | N2: 군위 | O2: 의성 | P2: 청송 | Q2: 영양 | R2: 영덕 | S2: 청도 | T2: 고령 | U2: 성주 | V2: 칠곡 | W2: 예천 | X2: 봉화 | Y2: 울진 | Z2: 울릉
B3: 동시 출발 | C3: 넘 버 | D3: 1-1 | E3: 2-1 | F3: 3-1 | G3: 4-1 | H3: 5-1 | I3: 6-1 | J3: 7-1 | K3: 8-1 | L3: 9-1 | M3: 10-1 | N3: 0 | O3: 11-1 | P3: 12-1 | Q3: 0 | R3: 14-1 | S3: 15-1 | T3: 16-1 | U3: 17-1 | V3: 18-1 | W3: 19-1 | X3: 20-1 | Y3: 21-1 | Z3: 0
A4: 1소구 | C4: 성 명 | D4: 박기림 | E4: 최승현 | F4: 임준서 | G4: 이동영 | H4: 김유찬 | I4: 우지훈 | J4: 권태린 | K4: 박기원 | L4: 김민현 | M4: 이희승 | N4: 0 | O4: 홍준혁 | P4: 이한걸 | Q4: 0 | R4: 윤승찬 | S4: 김민수 | T4: 장영준 | U4: 홍채준 | V4: 이유건 | W4: 김진우 | X4: 배강호 | Y4: 전승원 | Z4: 0
A7: 2.4 | C7: 1소구기록 | D7: 0.0069675926 | E7: 0.0070486111 | F7: 0.0070717593 | G7: 0.006712963 | H7: 0.0071064815 | I7: 0.0070833333 | J7: 0.0063541667 | K7: 0.0088194444 | L7: 0.0064930556 | M7: 0.0063541667 | N7: 0 | O7: 0.0087962963 | P7: 0.019236111 | Q7: 0 | R7: 0.0075231481 | S7: 0.0067592593 | T7: 0.0067013889 | U7: 0.0071759259 | V7: 0.0069560185 | W7: 0.0068981481 | X7: 0.0084143519 | Y7: 0.0073611111 | Z7: 0
A8: 15.686275 | C8: 1소구등위 | D8: 9 | E8: 10 | F8: 11 | G8: 5 | H8: 13 | I8: 12 | J8: 1(2) | K8: 19 | L8: 3 | M8: 1(2) | O8: 18 | P8: 20 | R8: 16 | S8: 6 | T8: 4 | U8: 14 | V8: 8 | W8: 7 | X8: 17 | Y8: 15
C9: 도착기록 | D9: 0.0069675926 | E9: 0.0070486111 | F9: 0.0070717593 | G9: 0.006712963 | H9: 0.0071064815 | I9: 0.0070833333 | J9: 0.0063541667 | K9: 0.0088194444 | L9: 0.0064930556 | M9: 0.0063541667 | N9: 0 | O9: 0.0087962963 | P9: 0.019236111 | Q9: 0 | R9: 0.0075231481 | S9: 0.0067592593 | T9: 0.0067013889 | U9: 0.0071759259 | V9: 0.0069560185 | W9: 0.0068981481 | X9: 0.0084143519 | Y9: 0.0073611111 | Z9: 0
C10: 종합기록 | D10: 0.0069675926 | E10: 0.0070486111 | F10: 0.0070717593 | G10: 0.006712963 | H10: 0.0071064815 | I10: 0.0070833333 | J10: 0.0063541667 | K10: 0.0088194444 | L10: 0.0064930556 | M10: 0.0063541667 | O10: 0.0087962963 | P10: 0.019236111 | R10: 0.0075231481 | S10: 0.0067592593 | T10: 0.0067013889 | U10: 0.0071759259 | V10: 0.0069560185 | W10: 0.0068981481 | X10: 0.0084143519 | Y10: 0.0073611111
C11: 종합순위 | D11: 9 | E11: 10 | F11: 11 | G11: 5 | H11: 13 | I11: 12 | J11: 1 | K11: 19 | L11: 3 | M11: 1 | O11: 18 | P11: 20 | R11: 16 | S11: 6 | T11: 4 | U11: 14 | V11: 8 | W11: 7 | X11: 17 | Y11: 15
C12: 넘 버 | D12: 1-2 | E12: 2-2 | F12: 3-2 | G12: 4-2 | H12: 5-2 | I12: 6-2 | J12: 7-2 | K12: 8-2 | L12: 9-2 | M12: 10-2 | N12: 0 | O12: 11-2 | P12: 12-2 | Q12: 0 | R12: 14-2 | S12: 15-2 | T12: 16-2 | U12: 17-2 | V12: 18-2 | W12: 19-2 | X12: 20-2 | Y12: 21-2 | Z12: 0
A13: 2소구 | C13: 성 명 | D13: 김기윤 | E13: 이제원 | F13: 김호영 | G13: 최다원 | H13: 배솔우 | I13: 정예준 | J13: 김민준 | K13: 황동재 | L13: 김학민 | M13: 김선우 | N13: 0 | O13: 오규진 | P13: 정덕채 | Q13: 0 | R13: 김진호 | S13: 박종승 | T13: 박종훈 | U13: 남도균 | V13: 최민혁 | W13: 신준석 | X13: 강경모 | Y13: 신지호 | Z13: 0
C14: 동시출발시간 | D14: 0 | E14: 0 | F14: 0 | G14: 0 | H14: 0 | I14: 0 | J14: 0 | K14: 0 | L14: 0 | M14: 0 | N14: 0 | O14: 0 | P14: 0.0096875 | Q14: 0 | R14: 0 | S14: 0 | T14: 0 | U14: 0 | V14: 0 | W14: 0 | X14: 0 | Y14: 0 | Z14: 0
C15: 동시출발차 | D15: 0 | E15: 0 | F15: 0 | G15: 0 | H15: 0 | I15: 0 | J15: 0 | K15: 0 | L15: 0 | M15: 0 | N15: 0 | O15: 0 | P15: 0.0095486111 | Q15: 0 | R15: 0 | S15: 0 | T15: 0 | U15: 0 | V15: 0 | W15: 0 | X15: 0 | Y15: 0 | Z15: 0
A16: 2.6 | B16: 정상 | C16: 2소구기록 | D16: 0.007719907 | E16: 0.006643519 | F16: 0.010069444 | G16: 0.006782407 | H16: 0.006956019 | I16: 0.007106481 | J16: 0.006516204 | K16: 0.007233796 | L16: 0.006712963 | M16: 0.006458333 | N16: 0 | O16: 0.009363426 | P16: 0.009699074 | Q16: 0 | R16: 0.008993056 | S16: 0.00787037 | T16: 0.006770833 | U16: 0.008587963 | V16: 0.007083333 | W16: 0.007372685 | X16: 0.0078125 | Y16: 0.007638889 | Z16: 0
A17: 16.993464 | B17: TRUE | C17: 2소구등위 | D17: 13 | E17: 3 | F17: 20 | G17: 6 | H17: 7 | I17: 9 | J17: 2 | K17: 10 | L17: 4 | M17: 1 | O17: 18 | P17: 19 | R17: 17 | S17: 15 | T17: 5 | U17: 16 | V17: 8 | W17: 11 | X17: 14 | Y17: 12
C18: 도착기록 | D18: 0.0146875 | E18: 0.01369213 | F18: 0.017141204 | G18: 0.01349537 | H18: 0.0140625 | I18: 0.014189815 | J18: 0.01287037 | K18: 0.016053241 | L18: 0.013206019 | M18: 0.0128125 | N18: 0 | O18: 0.018159722 | P18: 0.019386574 | Q18: 0 | R18: 0.016516204 | S18: 0.01462963 | T18: 0.013472222 | U18: 0.015763889 | V18: 0.014039352 | W18: 0.014270833 | X18: 0.016226852 | Y18: 0.015 | Z18: 0
C19: 종합기록 | D19: 0.0146875 | E19: 0.01369213 | F19: 0.017141203 | G19: 0.01349537 | H19: 0.0140625 | I19: 0.014189814 | J19: 0.012870371 | K19: 0.01605324 | L19: 0.013206019 | M19: 0.0128125 | O19: 0.018159722 | P19: 0.028935185 | R19: 0.016516204 | S19: 0.014629629 | T19: 0.013472222 | U19: 0.015763889 | V19: 0.014039352 | W19: 0.014270833 | X19: 0.016226852 | Y19: 0.015
C20: 종합순위 | D20: 12 | E20: 6 | F20: 18 | G20: 5 | H20: 8 | I20: 9 | J20: 2 | K20: 15 | L20: 3 | M20: 1 | O20: 19 | P20: 20 | R20: 17 | S20: 11 | T20: 4 | U20: 14 | V20: 7 | W20: 10 | X20: 16 | Y20: 13
C21: 넘 버 | D21: 1-3 | E21: 2-3 | F21: 3-3 | G21: 4-3 | H21: 5-3 | I21: 6-3 | J21: 7-3 | K21: 8-3 | L21: 9-3 | M21: 10-3 | N21: 0 | O21: 11-3 | P21: 12-3 | Q21: 0 | R21: 14-3 | S21: 15-3 | T21: 16-3 | U21: 17-3 | V21: 18-3 | W21: 19-3 | X21: 20-3 | Y21: 21-3 | Z21: 0
A22: 3소구 | C22: 성 명 | D22: 구하은 | E22: 전지희 | F22: 조예슬 | G22: 송재연 | H22: 유나래 | I22: 김가희 | J22: 정윤서 | K22: 김단아 | L22: 김유리 | M22: 이희명 | N22: 0 | O22: 김서윤 | P22: 정민선 | Q22: 0 | R22: 최서연 | S22: 장해솔 | T22: 노현정 | U22: 임수진 | V22: 장여진 | W22: 한유진 | X22: 김나예 | Y22: 박서영 | Z22: 0
C23: 동시출발시간 | D23: 0 | E23: 0 | F23: 0.015763889 | G23: 0 | H23: 0 | I23: 0 | J23: 0 | K23: 0.015763889 | L23: 0 | M23: 0 | N23: 0 | O23: 0.015763889 | P23: 0.015763889 | Q23: 0 | R23: 0.015763889 | S23: 0 | T23: 0 | U23: 0 | V23: 0 | W23: 0 | X23: 0.015763889 | Y23: 0 | Z23: 0
C24: 동시출발차 | D24: 0 | E24: 0 | F24: 0.0013773148 | G24: 0 | H24: 0 | I24: 0 | J24: 0 | K24: 0.00028935185 | L24: 0 | M24: 0 | N24: 0 | O24: 0.0023958333 | P24: 0.0036226852 | Q24: 0 | R24: 0.00075231481 | S24: 0 | T24: 0 | U24: 0 | V24: 0 | W24: 0 | X24: 0.00046296296 | Y24: 0 | Z24: 0
A25: 2.3 | B25: 정상 | C25: 3소구기록 | D25: 0.006458333 | E25: 0.006793981 | F25: 0.007372685 | G25: 0.006365741 | H25: 0.008101852 | I25: 0.007013889 | J25: 0.00724537 | K25: 0.00787037 | L25: 0.006747685 | M25: 0.007395833 | N25: 0 | O25: 0.008831019 | P25: 0.009282407 | Q25: 0 | R25: 0.009618056 | S25: 0.007118056 | T25: 0.006886574 | U25: 0.008761574 | V25: 0.007638889 | W25: 0.007916667 | X25: 0.00869213 | Y25: 0.007013889 | Z25: 0
A26: 15.03268 | B26: TRUE | C26: 3소구등위 | D26: 2 | E26: 4 | F26: 10 | G26: 1 | H26: 15 | I26: 6(2) | J26: 9 | K26: 13 | L26: 3 | M26: 11 | O26: 18 | P26: 19 | R26: 20 | S26: 8 | T26: 5 | U26: 17 | V26: 12 | W26: 14 | X26: 16 | Y26: 6(2)
C27: 도착기록 | D27: 0.021145833 | E27: 0.020486111 | F27: 0.023136574 | G27: 0.019861111 | H27: 0.022164352 | I27: 0.021203704 | J27: 0.020115741 | K27: 0.023634259 | L27: 0.019953704 | M27: 0.020208333 | N27: 0 | O27: 0.024594907 | P27: 0.025046296 | Q27: 0 | R27: 0.025381944 | S27: 0.021747685 | T27: 0.020358796 | U27: 0.024525463 | V27: 0.021678241 | W27: 0.0221875 | X27: 0.024456019 | Y27: 0.022013889 | Z27: 0
C28: 종합기록 | D28: 0.021145833 | E28: 0.020486111 | F28: 0.024513888 | G28: 0.019861111 | H28: 0.022164352 | I28: 0.021203703 | J28: 0.020115741 | K28: 0.02392361 | L28: 0.019953704 | M28: 0.020208333 | O28: 0.026990741 | P28: 0.038217592 | R28: 0.02613426 | S28: 0.021747685 | T28: 0.020358796 | U28: 0.024525463 | V28: 0.021678241 | W28: 0.0221875 | X28: 0.024918982 | Y28: 0.022013889
C29: 종합순위 | D29: 7 | E29: 6 | F29: 15 | G29: 1 | H29: 12 | I29: 8 | J29: 3 | K29: 14 | L29: 2 | M29: 4 | O29: 19 | P29: 20 | R29: 18 | S29: 10 | T29: 5 | U29: 16 | V29: 9 | W29: 13 | X29: 17 | Y29: 11
C30: 넘 버 | D30: 1-4 | E30: 2-4 | F30: 3-4 | G30: 4-4 | H30: 5-4 | I30: 6-4 | J30: 7-4 | K30: 8-4 | L30: 9-4 | M30: 10-4 | N30: 0 | O30: 11-4 | P30: 12-4 | Q30: 0 | R30: 14-4 | S30: 15-4 | T30: 16-4 | U30: 17-4 | V30: 18-4 | W30: 19-4 | X30: 20-4 | Y30: 21-4 | Z30: 0
A31: 4소구 | C31: 성 명 | D31: 김지아 | E31: 김혜령 | F31: 임채은 | G31: 조은비 | H31: 이지수 | I31: 전수빈 | J31: 이윤아 | K31: 김예진 | L31: 김수민 | M31: 박주예 | N31: 0 | O31: 오수빈 | P31: 구다윤 | Q31: 0 | R31: 김나연 | S31: 박예윤 | T31: 허재은 | U31: 신윤아 | V31: 이진아 | W31: 금소윤 | X31: 김예서 | Y31: 이수인 | Z31: 0
C32: 동시출발시간 | D32: 0 | E32: 0 | F32: 0 | G32: 0 | H32: 0 | I32: 0 | J32: 0 | K32: 0 | L32: 0 | M32: 0 | N32: 0 | O32: 0 | P32: 0 | Q32: 0 | R32: 0 | S32: 0 | T32: 0 | U32: 0 | V32: 0 | W32: 0 | X32: 0 | Y32: 0 | Z32: 0
C33: 동시출발차 | D33: 0 | E33: 0 | F33: 0 | G33: 0 | H33: 0 | I33: 0 | J33: 0 | K33: 0 | L33: 0 | M33: 0 | N33: 0 | O33: 0 | P33: 0 | Q33: 0 | R33: 0 | S33: 0 | T33: 0 | U33: 0 | V33: 0 | W33: 0 | X33: 0 | Y33: 0 | Z33: 0
A34: 1.8 | B34: 정상 | C34: 4소구기록 | D34: 0.004988426 | E34: 0.005763889 | F34: 0.007418981 | G34: 0.005810185 | H34: 0.005972222 | I34: 0.006319444 | J34: 0.005231481 | K34: 0.006701389 | L34: 0.005856481 | M34: 0.005277778 | N34: 0 | O34: 0.006168981 | P34: 0.007592593 | Q34: 0 | R34: 0.007673611 | S34: 0.006539352 | T34: 0.004768519 | U34: 0.006261574 | V34: 0.006226852 | W34: 0.005891204 | X34: 0.006273148 | Y34: 0.006319444 | Z34: 0
A35: 11.764706 | B35: TRUE | C35: 4소구등위 | D35: 2 | E35: 5 | F35: 18 | G35: 6 | H35: 9 | I35: 14(2) | J35: 3 | K35: 17 | L35: 7 | M35: 4 | O35: 10 | P35: 19 | R35: 20 | S35: 16 | T35: 1 | U35: 12 | V35: 11 | W35: 8 | X35: 13 | Y35: 14(2)
C36: 도착기록 | D36: 0.026134259 | E36: 0.02625 | F36: 0.030555556 | G36: 0.025671296 | H36: 0.028136574 | I36: 0.027523148 | J36: 0.025347222 | K36: 0.030335648 | L36: 0.025810185 | M36: 0.025486111 | N36: 0 | O36: 0.030763889 | P36: 0.032638889 | Q36: 0 | R36: 0.033055556 | S36: 0.028287037 | T36: 0.025127315 | U36: 0.030787037 | V36: 0.027905093 | W36: 0.028078704 | X36: 0.030729167 | Y36: 0.028333333 | Z36: 0
C37: 종합기록 | D37: 0.026134259 | E37: 0.02625 | F37: 0.031932869 | G37: 0.025671296 | H37: 0.028136574 | I37: 0.027523147 | J37: 0.025347222 | K37: 0.030624999 | L37: 0.025810185 | M37: 0.025486111 | O37: 0.033159722 | P37: 0.045810185 | R37: 0.033807871 | S37: 0.028287037 | T37: 0.025127315 | U37: 0.030787037 | V37: 0.027905093 | W37: 0.028078704 | X37: 0.03119213 | Y37: 0.028333333
C38: 종합순위 | D38: 6 | E38: 7 | F38: 17 | G38: 4 | H38: 11 | I38: 8 | J38: 2 | K38: 14 | L38: 5 | M38: 3 | O38: 18 | P38: 20 | R38: 19 | S38: 12 | T38: 1 | U38: 15 | V38: 9 | W38: 10 | X38: 16 | Y38: 13
C39: 넘 버 | D39: 1-5 | E39: 2-5 | F39: 3-5 | G39: 4-5 | H39: 5-5 | I39: 6-5 | J39: 7-5 | K39: 8-5 | L39: 9-5 | M39: 10-5 | N39: 0 | O39: 11-5 | P39: 12-5 | Q39: 0 | R39: 14-5 | S39: 15-5 | T39: 16-5 | U39: 17-5 | V39: 18-5 | W39: 19-5 | X39: 20-5 | Y39: 21-5 | Z39: 0
A40: 5소구 | C40: 성 명 | D40: 김도현 | E40: 조승재 | F40: 박휘건 | G40: 권경도 | H40: 김동현 | I40: 신명식 | J40: 박건하 | K40: 김하람 | L40: 김재환 | M40: 성채호 | N40: 0 | O40: 오승민 | P40: 김수환 | Q40: 0 | R40: 윤승우 | S40: 박시후 | T40: 윤강우 | U40: 김강민 | V40: 이율 | W40: 김이언 | X40: 황예준 | Y40: 박주영 | Z40: 0
C41: 동시출발시간 | D41: 0 | E41: 0 | F41: 0 | G41: 0 | H41: 0 | I41: 0 | J41: 0 | K41: 0 | L41: 0 | M41: 0 | N41: 0 | O41: 0 | P41: 0 | Q41: 0 | R41: 0 | S41: 0 | T41: 0 | U41: 0 | V41: 0 | W41: 0 | X41: 0 | Y41: 0 | Z41: 0
C42: 동시출발차 | D42: 0 | E42: 0 | F42: 0 | G42: 0 | H42: 0 | I42: 0 | J42: 0 | K42: 0 | L42: 0 | M42: 0 | N42: 0 | O42: 0 | P42: 0 | Q42: 0 | R42: 0 | S42: 0 | T42: 0 | U42: 0 | V42: 0 | W42: 0 | X42: 0 | Y42: 0 | Z42: 0
A43: 1.9 | B43: 정상 | C43: 5소구기록 | D43: 0.005300926 | E43: 0.005405093 | F43: 0.005358796 | G43: 0.005277778 | H43: 0.00525463 | I43: 0.005694444 | J43: 0.004768519 | K43: 0.005960648 | L43: 0.005150463 | M43: 0.004768519 | N43: 0 | O43: 0.006724537 | P43: 0.006516204 | Q43: 0 | R43: 0.006643519 | S43: 0.006828704 | T43: 0.00505787 | U43: 0.006516204 | V43: 0.005636574 | W43: 0.00568287 | X43: 0.006979167 | Y43: 0.006203704 | Z43: 0
A44: 12.418301 | B44: TRUE | C44: 5소구등위 | D44: 7 | E44: 9 | F44: 8 | G44: 6 | H44: 5 | I44: 12 | J44: 1(2) | K44: 13 | L44: 4 | M44: 1(2) | O44: 18 | P44: 15(2) | R44: 17 | S44: 19 | T44: 3 | U44: 15(2) | V44: 10 | W44: 11 | X44: 20 | Y44: 14
C45: 도착기록 | D45: 0.031435185 | E45: 0.031655093 | F45: 0.035914352 | G45: 0.030949074 | H45: 0.033391204 | I45: 0.033217593 | J45: 0.030115741 | K45: 0.036296296 | L45: 0.030960648 | M45: 0.03025463 | N45: 0 | O45: 0.037488426 | P45: 0.039155093 | Q45: 0 | R45: 0.039699074 | S45: 0.035115741 | T45: 0.030185185 | U45: 0.037303241 | V45: 0.033541667 | W45: 0.033761574 | X45: 0.037708333 | Y45: 0.034537037 | Z45: 0
C46: 종합기록 | D46: 0.031435185 | E46: 0.031655093 | F46: 0.037291665 | G46: 0.030949074 | H46: 0.033391204 | I46: 0.033217591 | J46: 0.030115741 | K46: 0.036585647 | L46: 0.030960648 | M46: 0.03025463 | O46: 0.039884259 | P46: 0.052326389 | R46: 0.04045139 | S46: 0.035115741 | T46: 0.030185185 | U46: 0.037303241 | V46: 0.033541667 | W46: 0.033761574 | X46: 0.038171297 | Y46: 0.034537037
C47: 종합순위 | D47: 6 | E47: 7 | F47: 15 | G47: 4 | H47: 9 | I47: 8 | J47: 1 | K47: 14 | L47: 5 | M47: 3 | O47: 18 | P47: 20 | R47: 19 | S47: 13 | T47: 2 | U47: 16 | V47: 10 | W47: 11 | X47: 17 | Y47: 12
C48: 넘 버 | D48: 1-6 | E48: 2-6 | F48: 3-6 | G48: 4-6 | H48: 5-6 | I48: 6-6 | J48: 7-6 | K48: 8-6 | L48: 9-6 | M48: 10-6 | N48: 0 | O48: 11-6 | P48: 12-6 | Q48: 0 | R48: 14-6 | S48: 15-6 | T48: 16-6 | U48: 17-6 | V48: 18-6 | W48: 19-6 | X48: 20-6 | Y48: 21-6 | Z48: 0
A49: 6소구 | C49: 성 명 | D49: 정지원 | E49: 정의연 | F49: 이예주 | G49: 권현숙 | H49: 곽윤아 | I49: 한예슬 | J49: 오다란 | K49: 박지우 | L49: 이예선 | M49: 하다민 | N49: 0 | O49: 김지아 | P49: 유소민 | Q49: 0 | R49: 권지우 | S49: 윤도하 | T49: 이소율 | U49: 우가윤 | V49: 대윤정 | W49: 김지윤 | X49: 박수현 | Y49: 지찬미 | Z49: 0
C50: 동시출발시간 | D50: 0 | E50: 0 | F50: 0.033217593 | G50: 0 | H50: 0.033217593 | I50: 0 | J50: 0 | K50: 0.033217593 | L50: 0 | M50: 0 | N50: 0 | O50: 0.033217593 | P50: 0.033217593 | Q50: 0 | R50: 0.033217593 | S50: 0.033217593 | T50: 0 | U50: 0.033217593 | V50: 0.033217593 | W50: 0.033217593 | X50: 0.033217593 | Y50: 0.033217593 | Z50: 0
C51: 동시출발차 | D51: 0 | E51: 0 | F51: 0.0026967593 | G51: 0 | H51: 0.00017361111 | I51: 0 | J51: 0 | K51: 0.0030787037 | L51: 0 | M51: 0 | N51: 0 | O51: 0.0042708333 | P51: 0.0059375 | Q51: 0 | R51: 0.0064814815 | S51: 0.0018981481 | T51: 0 | U51: 0.0040856481 | V51: 0.00032407407 | W51: 0.00054398148 | X51: 0.0044907407 | Y51: 0.0013194444 | Z51: 0
A52: 2 | B52: 정상 | C52: 6소구기록 | D52: 0.006238426 | E52: 0.006759259 | F52: 0.007222222 | G52: 0.006516204 | H52: 0.007152778 | I52: 0.006979167 | J52: 0.006574074 | K52: 0.008287037 | L52: 0.007071759 | M52: 0.006215278 | N52: 0 | O52: 0.007696759 | P52: 0.008368056 | Q52: 0 | R52: 0.00775463 | S52: 0.007673611 | T52: 0.006782407 | U52: 0.007858796 | V52: 0.006840278 | W52: 0.007303241 | X52: 0.018784722 | Y52: 0.007037037 | Z52: 0
A53: 13.071895 | B53: TRUE | C53: 6소구등위 | D53: 2 | E53: 5 | F53: 12 | G53: 3 | H53: 11 | I53: 8 | J53: 4 | K53: 18 | L53: 10 | M53: 1 | O53: 15 | P53: 19 | R53: 16 | S53: 14 | T53: 6 | U53: 17 | V53: 7 | W53: 13 | X53: 20 | Y53: 9
C54: 도착기록 | D54: 0.037673611 | E54: 0.038414352 | F54: 0.040439815 | G54: 0.037465278 | H54: 0.04037037 | I54: 0.040196759 | J54: 0.036689815 | K54: 0.04150463 | L54: 0.038032407 | M54: 0.036469907 | N54: 0 | O54: 0.040914352 | P54: 0.041585648 | Q54: 0 | R54: 0.040972222 | S54: 0.040891204 | T54: 0.036967593 | U54: 0.041076389 | V54: 0.04005787 | W54: 0.040520833 | X54: 0.052002315 | Y54: 0.04025463 | Z54: 0
C55: 종합기록 | D55: 0.037673611 | E55: 0.038414352 | F55: 0.044513887 | G55: 0.037465278 | H55: 0.040543982 | I55: 0.040196758 | J55: 0.036689815 | K55: 0.044872684 | L55: 0.038032407 | M55: 0.036469908 | O55: 0.047581018 | P55: 0.060694445 | R55: 0.04820602 | S55: 0.042789352 | T55: 0.036967592 | U55: 0.045162037 | V55: 0.040381945 | W55: 0.041064815 | X55: 0.056956019 | Y55: 0.041574074
C56: 종합순위 | D56: 5 | E56: 7 | F56: 14 | G56: 4 | H56: 10 | I56: 8 | J56: 2 | K56: 15 | L56: 6 | M56: 1 | O56: 17 | P56: 20 | R56: 18 | S56: 13 | T56: 3 | U56: 16 | V56: 9 | W56: 11 | X56: 19 | Y56: 12
C57: 넘 버 | D57: 1-7 | E57: 2-7 | F57: 3-7 | G57: 4-7 | H57: 5-7 | I57: 6-7 | J57: 7-7 | K57: 8-7 | L57: 9-7 | M57: 10-7 | N57: 0 | O57: 11-7 | P57: 12-7 | Q57: 0 | R57: 14-7 | S57: 15-7 | T57: 16-7 | U57: 17-7 | V57: 18-7 | W57: 19-7 | X57: 20-7 | Y57: 21-7 | Z57: 0
A58: 7소구 | C58: 성 명 | D58: 김주찬 | E58: 최호영 | F58: 박성우 | G58: 임지원 | H58: 이재상 | I58: 박준영 | J58: 김대윤 | K58: 김태윤 | L58: 김성우 | M58: 김승현 | N58: 0 | O58: 신대희 | P58: 주세환 | Q58: 0 | R58: 엄태민 | S58: 이동건 | T58: 양상윤 | U58: 양덕규 | V58: 위우찬 | W58: 이준서 | X58: 박시준 | Y58: 전용준 | Z58: 0
C59: 동시출발시간 | D59: 0 | E59: 0 | F59: 0 | G59: 0 | H59: 0 | I59: 0 | J59: 0 | K59: 0 | L59: 0 | M59: 0 | N59: 0 | O59: 0 | P59: 0 | Q59: 0 | R59: 0 | S59: 0 | T59: 0 | U59: 0 | V59: 0 | W59: 0 | X59: 0 | Y59: 0 | Z59: 0
C60: 동시출발차 | D60: 0 | E60: 0 | F60: 0 | G60: 0 | H60: 0 | I60: 0 | J60: 0 | K60: 0 | L60: 0 | M60: 0 | N60: 0 | O60: 0 | P60: 0 | Q60: 0 | R60: 0 | S60: 0 | T60: 0 | U60: 0 | V60: 0 | W60: 0 | X60: 0 | Y60: 0 | Z60: 0
A61: 2.3 | B61: 정상 | C61: 7소구기록 | D61: 0.005335648 | E61: 0.006527778 | F61: 0.006122685 | G61: 0.006296296 | H61: 0.00693287 | I61: 0.005868056 | J61: 0.006168981 | K61: 0.007175926 | L61: 0.005833333 | M61: 0.006064815 | N61: 0 | O61: 0.006851852 | P61: 0.0071875 | Q61: 0 | R61: 0.006574074 | S61: 0.0071875 | T61: 0.006412037 | U61: 0.006550926 | V61: 0.006319444 | W61: 0.00681713 | X61: 0.017604167 | Y61: 0.006469907 | Z61: 0
A62: 15.03268 | B62: TRUE | C62: 7소구등위 | D62: 1 | E62: 11 | F62: 5 | G62: 7 | H62: 16 | I62: 3 | J62: 6 | K62: 17 | L62: 2 | M62: 4 | O62: 15 | P62: 18(2) | R62: 13 | S62: 18(2) | T62: 9 | U62: 12 | V62: 8 | W62: 14 | X62: 20 | Y62: 10
C63: 도착기록 | D63: 0.043009259 | E63: 0.04494213 | F63: 0.0465625 | G63: 0.043761574 | H63: 0.047303241 | I63: 0.046064815 | J63: 0.042858796 | K63: 0.048680556 | L63: 0.043865741 | M63: 0.042534722 | N63: 0 | O63: 0.047766204 | P63: 0.048773148 | Q63: 0 | R63: 0.047546296 | S63: 0.048078704 | T63: 0.04337963 | U63: 0.047627315 | V63: 0.046377315 | W63: 0.047337963 | X63: 0.069606481 | Y63: 0.046724537 | Z63: 0
C64: 최종종합기록 | D64: 0.043009259 | E64: 0.04494213 | F64: 0.050636572 | G64: 0.043761574 | H64: 0.047476852 | I64: 0.046064814 | J64: 0.042858796 | K64: 0.05204861 | L64: 0.04386574 | M64: 0.042534723 | O64: 0.05443287 | P64: 0.067881945 | R64: 0.054780094 | S64: 0.049976852 | T64: 0.043379629 | U64: 0.051712963 | V64: 0.046701389 | W64: 0.047881945 | X64: 0.074560186 | Y64: 0.048043981
A65: 전체종합순위 | D65: 3 | E65: 7 | F65: 14 | G65: 5 | H65: 10 | I65: 8 | J65: 2 | K65: 16 | L65: 6 | M65: 1 | O65: 17 | P65: 19 | R65: 18 | S65: 13 | T65: 4 | U65: 15 | V65: 9 | W65: 11 | X65: 20 | Y65: 12
D66: 3 | E66: 7 | F66: 14 | G66: 5 | H66: 10 | I66: 8 | J66: 2 | K66: 16 | L66: 6 | M66: 1 | O66: 17 | P66: 19 | R66: 18 | S66: 13 | T66: 4 | U66: 15 | V66: 9 | W66: 11 | X66: 20 | Y66: 12
A67: 시군별종합순위 | D67: 3[3] | E67: 7[6] | F67: 14[9] | G67: 5[4] | H67: 10[8] | I67: 8[7] | J67: 2[2] | K67: 16[10] | L67: 6[5] | M67: 1[1] | O67: 17[7] | P67: 19[9] | R67: 18[8] | S67: 13[5] | T67: 4[1] | U67: 15[6] | V67: 9[2] | W67: 11[3] | X67: 20[10] | Y67: 12[4]
A68: 소 속 | D68: 포항 | E68: 경주 | F68: 김천 | G68: 안동 | H68: 구미 | I68: 영주 | J68: 영천 | K68: 상주 | L68: 문경 | M68: 경산 | N68: 군위 | O68: 의성 | P68: 청송 | Q68: 영양 | R68: 영덕 | S68: 청도 | T68: 고령 | U68: 성주 | V68: 칠곡 | W68: 예천 | X68: 봉화 | Y68: 울진 | Z68: 울릉
D69: 0.043009259 | E69: 0.04494213 | F69: 0.050636572 | G69: 0.043761574 | H69: 0.047476852 | I69: 0.046064814 | J69: 0.042858796 | K69: 0.05204861 | L69: 0.04386574 | M69: 0.042534723 | O69: 0.05443287 | P69: 0.067881945 | R69: 0.054780094 | S69: 0.049976852 | T69: 0.043379629 | U69: 0.051712963 | V69: 0.046701389 | W69: 0.047881945 | X69: 0.074560186 | Y69: 0.048043981
A70: 동기록시 등위
D71: *입력시주의사항
D72: 1.종합기록이 같으면 구간 상위 입상자 순으로 함.
D73: 2.동기록시 "동기록시 등위"란에 "0:00:01"와 같이 입력할 것.
D110: 포항 | E110: 경주 | F110: 김천 | G110: 안동 | H110: 구미 | I110: 영주 | J110: 영천 | K110: 상주 | L110: 문경 | M110: 경산 | N110: 군위 | O110: 의성 | P110: 청송 | Q110: 영양 | R110: 영덕 | S110: 청도 | T110: 고령 | U110: 성주 | V110: 칠곡 | W110: 예천 | X110: 봉화 | Y110: 울진 | Z110: 울릉
C112: 종합순위 | D112: 7 | E112: 10 | F112: 9 | G112: 8 | H112: 2 | I112: 5 | J112: 4 | K112: 11 | L112: 16 | M112: 1 | N112: 13 | O112: 21 | P112: 22 | Q112: 17 | R112: 12 | S112: 14 | T112: 3 | U112: 19 | V112: 6 | W112: 18 | X112: 15 | Y112: 20
D113: 포항 | E113: 경주 | F113: 김천 | G113: 안동 | H113: 구미 | I113: 영주 | J113: 영천 | K113: 상주 | L113: 문경 | M113: 경산 | N113: 군위 | O113: 의성 | P113: 청송 | Q113: 영양 | R113: 영덕 | S113: 청도 | T113: 고령 | U113: 성주 | V113: 칠곡 | W113: 예천 | X113: 봉화 | Y113: 울진 | Z113: 울릉
C114: 1소구 | D114: 0.006400463 | E114: 0.007037037 | F114: 0.0068518519 | G114: 0.0067939815 | H114: 0.0065162037 | I114: 0.0065509259 | J114: 0.0061574074 | K114: 0.0073842593 | L114: 0.0073263889 | M114: 0.0057407407 | N114: 0.0069560185 | O114: 0.0081134259 | P114: 0.0088888889 | Q114: 0.0081712963 | R114: 0.0069907407 | S114: 0.007662037 | T114: 0.0060763889 | U114: 0.0082060185 | V114: 0.0066550926 | W114: 0.0075462963 | X114: 0.0069444444 | Y114: 0.0088657407 | Z114: 0
C115: 2소구 | D115: 0.0069675926 | E115: 0.0066782407 | F115: 0.0062847222 | G115: 0.0065509259 | H115: 0.0064467593 | I115: 0.0064930556 | J115: 0.0066666667 | K115: 0.0060416667 | L115: 0.0067824074 | M115: 0.0063888889 | N115: 0.0070138889 | O115: 0.0094097222 | P115: 0.0094212963 | Q115: 0.0076736111 | R115: 0.0068402778 | S115: 0.0069560185 | T115: 0.0063657407 | U115: 0.0076041667 | V115: 0.0064583333 | W115: 0.007650463 | X115: 0.0071064815 | Y115: 0.0086574074 | Z115: 0
C116: 3소구 | D116: 0.0045138889 | E116: 0.0049652778 | F116: 0.0047106481 | G116: 0.0049189815 | H116: 0.0042476852 | I116: 0.0046759259 | J116: 0.0045138889 | K116: 0.0049768519 | L116: 0.0049884259 | M116: 0.0043171296 | N116: 0.0056134259 | O116: 0.0059143519 | P116: 0.0062268519 | Q116: 0.0056134259 | R116: 0.0050462963 | S116: 0.0053009259 | T116: 0.0046180556 | U116: 0.0058217593 | V116: 0.0051388889 | W116: 0.0056828704 | X116: 0.00625 | Y116: 0.005787037 | Z116: 0
C117: 4소구 | D117: 0.0049074074 | E117: 0.0051388889 | F117: 0.0047337963 | G117: 0.0047222222 | H117: 0.0046064815 | I117: 0.0049189815 | J117: 0.0049884259 | K117: 0.0049305556 | L117: 0.0057407407 | M117: 0.0049074074 | N117: 0.0055324074 | O117: 0.0060648148 | P117: 0.0062615741 | Q117: 0.0055902778 | R117: 0.0054050926 | S117: 0.0055787037 | T117: 0.0051851852 | U117: 0.0065740741 | V117: 0.0047222222 | W117: 0.0054166667 | X117: 0.0051157407 | Y117: 0.0061574074 | Z117: 0
C118: 5소구 | D118: 0.0054398148 | E118: 0.0056134259 | F118: 0.0053009259 | G118: 0.0056018519 | H118: 0.0051157407 | I118: 0.0053587963 | J118: 0.005625 | K118: 0.0058449074 | L118: 0.0063194444 | M118: 0.0050231481 | N118: 0.0058333333 | O118: 0.0070949074 | P118: 0.0079398148 | Q118: 0.0065393519 | R118: 0.0059143519 | S118: 0.0052546296 | T118: 0.0053472222 | U118: 0.0067824074 | V118: 0.0050347222 | W118: 0.0062962963 | X118: 0.0061689815 | Y118: 0.00625 | Z118: 0
C119: 6소구 | D119: 0.0064351852 | E119: 0.0065625 | F119: 0.0076041667 | G119: 0.0064699074 | H119: 0.0060648148 | I119: 0.0062152778 | J119: 0.0061574074 | K119: 0.0070601852 | L119: 0.0074421296 | M119: 0.0058680556 | N119: 0.0069212963 | O119: 0.0084259259 | P119: 0.0097222222 | Q119: 0.0079398148 | R119: 0.0068402778 | S119: 0.0073842593 | T119: 0.0062615741 | U119: 0.0083101852 | V119: 0.0065393519 | W119: 0.0091898148 | X119: 0.0070138889 | Y119: 0.0075462963 | Z119: 0
C120: 7소구 | D120: 0.0064699074 | E120: 0.0061342593 | F120: 0.0063425926 | G120: 0.0063888889 | H120: 0.0062384259 | I120: 0.0064699074 | J120: 0.0064236111 | K120: 0.0065393519 | L120: 0.0068634259 | M120: 0.0060648148 | N120: 0.0061689815 | O120: 0.0085300926 | P120: 0.0069212963 | Q120: 0.0065625 | R120: 0.0067708333 | S120: 0.0068981481 | T120: 0.0063888889 | U120: 0.0066666667 | V120: 0.0063310185 | W120: 0.0069444444 | X120: 0.0068055556 | Y120: 0.0069907407 | Z120: 0
C122: 등위 | D122: 23 | E122: 22 | F122: 21 | G122: 20 | H122: 19 | I122: 18 | J122: 17 | K122: 16 | L122: 15 | M122: 14 | N122: 13 | O122: 12 | P122: 11 | Q122: 10 | R122: 9 | S122: 8 | T122: 7 | U122: 6 | V122: 5 | W122: 4 | X122: 3 | Y122: 2 | Z122: 1
C123: 소속 | D123: 0 | E123: 청송 | F123: 의성 | G123: 울진 | H123: 성주 | I123: 예천 | J123: 영양 | K123: 문경 | L123: 봉화 | M123: 청도 | N123: 군위 | O123: 영덕 | P123: 상주 | Q123: 경주 | R123: 김천 | S123: 안동 | T123: 포항 | U123: 칠곡 | V123: 영주 | W123: 영천 | X123: 고령 | Y123: 구미 | Z123: 경산
C124: 1소구 | D124: 0 | E124: 0.0088888889 | F124: 0.0081134259 | G124: 0.0088657407 | H124: 0.0082060185 | I124: 0.0075462963 | J124: 0.0081712963 | K124: 0.0073263889 | L124: 0.0069444444 | M124: 0.007662037 | N124: 0.0069560185 | O124: 0.0069907407 | P124: 0.0073842593 | Q124: 0.007037037 | R124: 0.0068518519 | S124: 0.0067939815 | T124: 0.006400463 | U124: 0.0066550926 | V124: 0.0065509259 | W124: 0.0061574074 | X124: 0.0060763889 | Y124: 0.0065162037 | Z124: 0.0057407407
C125: 2소구 | D125: 0 | E125: 0.0094212963 | F125: 0.0094097222 | G125: 0.0086574074 | H125: 0.0076041667 | I125: 0.007650463 | J125: 0.0076736111 | K125: 0.0067824074 | L125: 0.0071064815 | M125: 0.0069560185 | N125: 0.0070138889 | O125: 0.0068402778 | P125: 0.0060416667 | Q125: 0.0066782407 | R125: 0.0062847222 | S125: 0.0065509259 | T125: 0.0069675926 | U125: 0.0064583333 | V125: 0.0064930556 | W125: 0.0066666667 | X125: 0.0063657407 | Y125: 0.0064467593 | Z125: 0.0063888889
C126: 3소구 | D126: 0 | E126: 0.0062268519 | F126: 0.0059143519 | G126: 0.005787037 | H126: 0.0058217593 | I126: 0.0056828704 | J126: 0.0056134259 | K126: 0.0049884259 | L126: 0.00625 | M126: 0.0053009259 | N126: 0.0056134259 | O126: 0.0050462963 | P126: 0.0049768519 | Q126: 0.0049652778 | R126: 0.0047106481 | S126: 0.0049189815 | T126: 0.0045138889 | U126: 0.0051388889 | V126: 0.0046759259 | W126: 0.0045138889 | X126: 0.0046180556 | Y126: 0.0042476852 | Z126: 0.0043171296
C127: 4소구 | D127: 0 | E127: 0.0062615741 | F127: 0.0060648148 | G127: 0.0061574074 | H127: 0.0065740741 | I127: 0.0054166667 | J127: 0.0055902778 | K127: 0.0057407407 | L127: 0.0051157407 | M127: 0.0055787037 | N127: 0.0055324074 | O127: 0.0054050926 | P127: 0.0049305556 | Q127: 0.0051388889 | R127: 0.0047337963 | S127: 0.0047222222 | T127: 0.0049074074 | U127: 0.0047222222 | V127: 0.0049189815 | W127: 0.0049884259 | X127: 0.0051851852 | Y127: 0.0046064815 | Z127: 0.0049074074
C128: 5소구 | D128: 0 | E128: 0.0079398148 | F128: 0.0070949074 | G128: 0.00625 | H128: 0.0067824074 | I128: 0.0062962963 | J128: 0.0065393519 | K128: 0.0063194444 | L128: 0.0061689815 | M128: 0.0052546296 | N128: 0.0058333333 | O128: 0.0059143519 | P128: 0.0058449074 | Q128: 0.0056134259 | R128: 0.0053009259 | S128: 0.0056018519 | T128: 0.0054398148 | U128: 0.0050347222 | V128: 0.0053587963 | W128: 0.005625 | X128: 0.0053472222 | Y128: 0.0051157407 | Z128: 0.0050231481
C129: 6소구 | D129: 0 | E129: 0.0097222222 | F129: 0.0084259259 | G129: 0.0075462963 | H129: 0.0083101852 | I129: 0.0091898148 | J129: 0.0079398148 | K129: 0.0074421296 | L129: 0.0070138889 | M129: 0.0073842593 | N129: 0.0069212963 | O129: 0.0068402778 | P129: 0.0070601852 | Q129: 0.0065625 | R129: 0.0076041667 | S129: 0.0064699074 | T129: 0.0064351852 | U129: 0.0065393519 | V129: 0.0062152778 | W129: 0.0061574074 | X129: 0.0062615741 | Y129: 0.0060648148 | Z129: 0.0058680556
C130: 7소구 | D130: 0 | E130: 0.0069212963 | F130: 0.0085300926 | G130: 0.0069907407 | H130: 0.0066666667 | I130: 0.0069444444 | J130: 0.0065625 | K130: 0.0068634259 | L130: 0.0068055556 | M130: 0.0068981481 | N130: 0.0061689815 | O130: 0.0067708333 | P130: 0.0065393519 | Q130: 0.0061342593 | R130: 0.0063425926 | S130: 0.0063888889 | T130: 0.0064699074 | U130: 0.0063310185 | V130: 0.0064699074 | W130: 0.0064236111 | X130: 0.0063888889 | Y130: 0.0062384259 | Z130: 0.0060648148

Sheet 중등부
A1: 총구간거리 | C1: 15.3 | D1: 100 | E1: 구 간 마 라 톤 대 회 (중 등 부)
A2: 구간 소속 | D2: 포항 | E2: 경주 | F2: 김천 | G2: 안동 | H2: 구미 | I2: 영주 | J2: 영천 | K2: 상주 | L2: 문경 | M2: 경산 | N2: 군위 | O2: 의성 | P2: 청송 | Q2: 영양 | R2: 영덕 | S2: 청도 | T2: 고령 | U2: 성주 | V2: 칠곡 | W2: 예천 | X2: 봉화 | Y2: 울진 | Z2: 울릉
B3: 동시 출발 | C3: 넘 버 | D3: 1-1 | E3: 2-1 | F3: 3-1 | G3: 4-1 | H3: 5-1 | I3: 6-1 | J3: 7-1 | K3: 8-1 | L3: 9-1 | M3: 10-1 | N3: 0 | O3: 11-1 | P3: 12-1 | Q3: 13-1 | R3: 14-1 | S3: 15-1 | T3: 16-1 | U3: 17-1 | V3: 18-1 | W3: 19-1 | X3: 20-1 | Y3: 21-1 | Z3: 0
A4: 1소구 | C4: 성 명 | D4: 최아이린 | E4: 안령경 | F4: 김민서 | G4: 권현진 | H4: 이소진 | I4: 윤현주 | J4: 송다원 | K4: 이선경 | L4: 양은지 | M4: 조서연 | N4: 0 | O4: 남경애 | P4: 윤은주 | Q4: 박한서 | R4: 박성은 | S4: 박예담 | T4: 권수빈 | U4: 박정민 | V4: 우정민 | W4: 박예원 | X4: 이소윤 | Y4: 손예은 | Z4: 0
D5: FALSE
A7: 2.4 | C7: 1소구기록 | D7: 0.008125 | E7: 0.0065277778 | F7: 0.0074189815 | G7: 0.0065972222 | H7: 0.0079861111 | I7: 0.0083217593 | J7: 0.0059953704 | K7: 0.0072453704 | L7: 0.0076157407 | M7: 0.0071180556 | N7: 0 | O7: 0.0088078704 | P7: 0.0084722222 | Q7: 0.0093287037 | R7: 0.010173611 | S7: 0.0087615741 | T7: 0.0099537037 | U7: 0.0093171296 | V7: 0.0079166667 | W7: 0.0086574074 | X7: 0.0078472222 | Y7: 0.0096412037 | Z7: 0
A8: 15.686275 | C8: 1소구등위 | D8: 11 | E8: 2 | F8: 6 | G8: 3 | H8: 10 | I8: 12 | J8: 1 | K8: 5 | L8: 7 | M8: 4 | O8: 16 | P8: 13 | Q8: 18 | R8: 21 | S8: 15 | T8: 20 | U8: 17 | V8: 9 | W8: 14 | X8: 8 | Y8: 19
C9: 도착기록 | D9: 0.008125 | E9: 0.0065277778 | F9: 0.0074189815 | G9: 0.0065972222 | H9: 0.0079861111 | I9: 0.0083217593 | J9: 0.0059953704 | K9: 0.0072453704 | L9: 0.0076157407 | M9: 0.0071180556 | N9: 0 | O9: 0.0088078704 | P9: 0.0084722222 | Q9: 0.0093287037 | R9: 0.010173611 | S9: 0.0087615741 | T9: 0.0099537037 | U9: 0.0093171296 | V9: 0.0079166667 | W9: 0.0086574074 | X9: 0.0078472222 | Y9: 0.0096412037 | Z9: 0
C10: 종합기록 | D10: 0.008125 | E10: 0.0065277778 | F10: 0.0074189815 | G10: 0.0065972222 | H10: 0.0079861111 | I10: 0.0083217593 | J10: 0.0059953704 | K10: 0.0072453704 | L10: 0.0076157407 | M10: 0.0071180556 | O10: 0.0088078704 | P10: 0.0084722222 | Q10: 0.0093287037 | R10: 0.010173611 | S10: 0.0087615741 | T10: 0.0099537037 | U10: 0.0093171296 | V10: 0.0079166667 | W10: 0.0086574074 | X10: 0.0078472222 | Y10: 0.0096412037
C11: 종합순위 | D11: 11 | E11: 2 | F11: 6 | G11: 3 | H11: 10 | I11: 12 | J11: 1 | K11: 5 | L11: 7 | M11: 4 | O11: 16 | P11: 13 | Q11: 18 | R11: 21 | S11: 15 | T11: 20 | U11: 17 | V11: 9 | W11: 14 | X11: 8 | Y11: 19
C12: 넘 버 | D12: 1-2 | E12: 2-2 | F12: 3-2 | G12: 4-2 | H12: 5-2 | I12: 6-2 | J12: 7-2 | K12: 8-2 | L12: 9-2 | M12: 10-2 | N12: 0 | O12: 11-2 | P12: 12-2 | Q12: 13-2 | R12: 14-2 | S12: 15-2 | T12: 16-2 | U12: 17-2 | V12: 18-2 | W12: 19-2 | X12: 20-2 | Y12: 21-2 | Z12: 0
A13: 2소구 | C13: 성 명 | D13: 김현우 | E13: 백금동 | F13: 김세빈 | G13: 김혜동 | H13: 신재효 | I13: 권오을 | J13: 염승수 | K13: 이준혁 | L13: 지준서 | M13: 전형준 | N13: 0 | O13: 김탁경 | P13: 김건섭 | Q13: 김현서 | R13: 임기민 | S13: 박종민 | T13: 이재윤 | U13: 김동해 | V13: 이종철 | W13: 장민성 | X13: 고경민 | Y13: 정재환 | Z13: 0
C14: 동시출발시간 | D14: 0 | E14: 0 | F14: 0 | G14: 0 | H14: 0 | I14: 0 | J14: 0 | K14: 0 | L14: 0 | M14: 0 | N14: 0 | O14: 0 | P14: 0 | Q14: 0 | R14: 0 | S14: 0 | T14: 0 | U14: 0 | V14: 0 | W14: 0 | X14: 0 | Y14: 0 | Z14: 0
C15: 동시출발차 | D15: 0 | E15: 0 | F15: 0 | G15: 0 | H15: 0 | I15: 0 | J15: 0 | K15: 0 | L15: 0 | M15: 0 | N15: 0 | O15: 0 | P15: 0 | Q15: 0 | R15: 0 | S15: 0 | T15: 0 | U15: 0 | V15: 0 | W15: 0 | X15: 0 | Y15: 0 | Z15: 0
A16: 2.9 | B16: 정상 | C16: 2소구기록 | D16: 0.008356481 | E16: 0.006724537 | F16: 0.008194444 | G16: 0.007314815 | H16: 0.007719907 | I16: 0.007025463 | J16: 0.007453704 | K16: 0.007523148 | L16: 0.007418981 | M16: 0.00630787 | N16: 0 | O16: 0.007337963 | P16: 0.008645833 | Q16: 0.008113426 | R16: 0.008483796 | S16: 0.008912037 | T16: 0.008703704 | U16: 0.009421296 | V16: 0.007534722 | W16: 0.008032407 | X16: 0.008831019 | Y16: 0.009016204 | Z16: 0
A17: 18.954248 | B17: TRUE | C17: 2소구등위 | D17: 14 | E17: 2 | F17: 13 | G17: 4 | H17: 10 | I17: 3 | J17: 7 | K17: 8 | L17: 6 | M17: 1 | O17: 5 | P17: 16 | Q17: 12 | R17: 15 | S17: 19 | T17: 17 | U17: 21 | V17: 9 | W17: 11 | X17: 18 | Y17: 20
C18: 도착기록 | D18: 0.016481481 | E18: 0.013252315 | F18: 0.015613426 | G18: 0.013912037 | H18: 0.015706019 | I18: 0.015347222 | J18: 0.013449074 | K18: 0.014768519 | L18: 0.015034722 | M18: 0.013425926 | N18: 0 | O18: 0.016145833 | P18: 0.017118056 | Q18: 0.01744213 | R18: 0.018657407 | S18: 0.017673611 | T18: 0.018657407 | U18: 0.018738426 | V18: 0.015451389 | W18: 0.016689815 | X18: 0.016678241 | Y18: 0.018657407 | Z18: 0
C19: 종합기록 | D19: 0.016481481 | E19: 0.013252315 | F19: 0.015613425 | G19: 0.013912037 | H19: 0.015706018 | I19: 0.015347222 | J19: 0.013449074 | K19: 0.014768518 | L19: 0.015034722 | M19: 0.013425926 | O19: 0.016145833 | P19: 0.017118055 | Q19: 0.01744213 | R19: 0.018657407 | S19: 0.017673611 | T19: 0.018657408 | U19: 0.018738426 | V19: 0.015451389 | W19: 0.016689814 | X19: 0.016678241 | Y19: 0.018657408
C20: 종합순위 | D20: 12 | E20: 1 | F20: 9 | G20: 4 | H20: 10 | I20: 7 | J20: 3 | K20: 5 | L20: 6 | M20: 2 | O20: 11 | P20: 15 | Q20: 16 | R20: 18 | S20: 17 | T20: 19 | U20: 21 | V20: 8 | W20: 14 | X20: 13 | Y20: 19
C21: 넘 버 | D21: 1-3 | E21: 2-3 | F21: 3-3 | G21: 4-3 | H21: 5-3 | I21: 6-3 | J21: 7-3 | K21: 8-3 | L21: 9-3 | M21: 10-3 | N21: 0 | O21: 11-3 | P21: 12-3 | Q21: 13-3 | R21: 14-3 | S21: 15-3 | T21: 16-3 | U21: 17-3 | V21: 18-3 | W21: 19-3 | X21: 20-3 | Y21: 21-3 | Z21: 0
A22: 3소구 | C22: 성 명 | D22: 김나현 | E22: 김려원 | F22: 김명지 | G22: 김소원 | H22: 이승연 | I22: 윤재영 | J22: 황재희 | K22: 이보민 | L22: 이은솔 | M22: 정다혜 | N22: 0 | O22: 이다해 | P22: 이세린 | Q22: 배채윤 | R22: 류민희 | S22: 박나겸 | T22: 성이정 | U22: 장수민 | V22: 임나연 | W22: 최수영 | X22: 장효민 | Y22: 최여진 | Z22: 0
C23: 동시출발시간 | D23: 0 | E23: 0 | F23: 0 | G23: 0 | H23: 0 | I23: 0 | J23: 0 | K23: 0 | L23: 0 | M23: 0 | N23: 0 | O23: 0 | P23: 0 | Q23: 0 | R23: 0 | S23: 0 | T23: 0 | U23: 0 | V23: 0 | W23: 0 | X23: 0 | Y23: 0 | Z23: 0
C24: 동시출발차 | D24: 0 | E24: 0 | F24: 0 | G24: 0 | H24: 0 | I24: 0 | J24: 0 | K24: 0 | L24: 0 | M24: 0 | N24: 0 | O24: 0 | P24: 0 | Q24: 0 | R24: 0 | S24: 0 | T24: 0 | U24: 0 | V24: 0 | W24: 0 | X24: 0 | Y24: 0 | Z24: 0
A25: 2.6 | B25: 정상 | C25: 3소구기록 | D25: 0.009490741 | E25: 0.008472222 | F25: 0.008194444 | G25: 0.007905093 | H25: 0.009571759 | I25: 0.008368056 | J25: 0.007696759 | K25: 0.00869213 | L25: 0.00837963 | M25: 0.008275463 | N25: 0 | O25: 0.010034722 | P25: 0.011481481 | Q25: 0.010520833 | R25: 0.010092593 | S25: 0.009803241 | T25: 0.01005787 | U25: 0.008946759 | V25: 0.008796296 | W25: 0.009814815 | X25: 0.009074074 | Y25: 0.010115741 | Z25: 0
A26: 16.993464 | B26: TRUE | C26: 3소구등위 | D26: 12 | E26: 7 | F26: 3 | G26: 2 | H26: 13 | I26: 5 | J26: 1 | K26: 8 | L26: 6 | M26: 4 | O26: 16 | P26: 21 | Q26: 20 | R26: 18 | S26: 14 | T26: 17 | U26: 10 | V26: 9 | W26: 15 | X26: 11 | Y26: 19
C27: 도착기록 | D27: 0.025972222 | E27: 0.021724537 | F27: 0.02380787 | G27: 0.02181713 | H27: 0.025277778 | I27: 0.023715278 | J27: 0.021145833 | K27: 0.023460648 | L27: 0.023414352 | M27: 0.021701389 | N27: 0 | O27: 0.026180556 | P27: 0.028599537 | Q27: 0.027962963 | R27: 0.02875 | S27: 0.027476852 | T27: 0.028715278 | U27: 0.027685185 | V27: 0.024247685 | W27: 0.02650463 | X27: 0.025752315 | Y27: 0.028773148 | Z27: 0
C28: 종합기록 | D28: 0.025972222 | E28: 0.021724537 | F28: 0.023807869 | G28: 0.02181713 | H28: 0.025277777 | I28: 0.023715278 | J28: 0.021145833 | K28: 0.023460648 | L28: 0.023414352 | M28: 0.021701389 | O28: 0.026180555 | P28: 0.028599536 | Q28: 0.027962963 | R28: 0.02875 | S28: 0.027476852 | T28: 0.028715278 | U28: 0.027685185 | V28: 0.024247685 | W28: 0.026504629 | X28: 0.025752315 | Y28: 0.028773149
C29: 종합순위 | D29: 12 | E29: 3 | F29: 8 | G29: 4 | H29: 10 | I29: 7 | J29: 1 | K29: 6 | L29: 5 | M29: 2 | O29: 13 | P29: 18 | Q29: 17 | R29: 20 | S29: 15 | T29: 19 | U29: 16 | V29: 9 | W29: 14 | X29: 11 | Y29: 21
C30: 넘 버 | D30: 1-4 | E30: 2-4 | F30: 3-4 | G30: 4-4 | H30: 5-4 | I30: 6-4 | J30: 7-4 | K30: 8-4 | L30: 9-4 | M30: 10-4 | N30: 0 | O30: 11-4 | P30: 12-4 | Q30: 13-4 | R30: 14-4 | S30: 15-4 | T30: 16-4 | U30: 17-4 | V30: 18-4 | W30: 19-4 | X30: 20-4 | Y30: 21-4 | Z30: 0
A31: 4소구 | C31: 성 명 | D31: 탁정호 | E31: 왕현빈 | F31: 전호진 | G31: 최현호 | H31: 조윤혁 | I31: 안병현 | J31: 조준영 | K31: 서유현 | L31: 권재윤 | M31: 김지헌 | N31: 0 | O31: 우지민 | P31: 박천범 | Q31: 정이준 | R31: 박다훈 | S31: 박지민 | T31: 도지완 | U31: 김시원 | V31: 김진욱 | W31: 윤무열 | X31: 안찬민 | Y31: 양준경 | Z31: 0
C32: 동시출발시간 | D32: 0 | E32: 0 | F32: 0 | G32: 0 | H32: 0 | I32: 0 | J32: 0 | K32: 0 | L32: 0 | M32: 0 | N32: 0 | O32: 0 | P32: 0 | Q32: 0 | R32: 0 | S32: 0 | T32: 0 | U32: 0 | V32: 0 | W32: 0 | X32: 0 | Y32: 0 | Z32: 0
C33: 동시출발차 | D33: 0 | E33: 0 | F33: 0 | G33: 0 | H33: 0 | I33: 0 | J33: 0 | K33: 0 | L33: 0 | M33: 0 | N33: 0 | O33: 0 | P33: 0 | Q33: 0 | R33: 0 | S33: 0 | T33: 0 | U33: 0 | V33: 0 | W33: 0 | X33: 0 | Y33: 0 | Z33: 0
A34: 3.1 | B34: 정상 | C34: 4소구기록 | D34: 0.009166667 | E34: 0.007291667 | F34: 0.009918981 | G34: 0.008518519 | H34: 0.00806713 | I34: 0.008715278 | J34: 0.008159722 | K34: 0.008240741 | L34: 0.007743056 | M34: 0.007824074 | N34: 0 | O34: 0.007719907 | P34: 0.010891204 | Q34: 0.009479167 | R34: 0.009502315 | S34: 0.008310185 | T34: 0.00912037 | U34: 0.009178241 | V34: 0.007847222 | W34: 0.009398148 | X34: 0.009456019 | Y34: 0.009236111 | Z34: 0
A35: 20.261438 | B35: TRUE | C35: 4소구등위 | D35: 13 | E35: 1 | F35: 20 | G35: 10 | H35: 6 | I35: 11 | J35: 7 | K35: 8 | L35: 3 | M35: 4 | O35: 2 | P35: 21 | Q35: 18 | R35: 19 | S35: 9 | T35: 12 | U35: 14 | V35: 5 | W35: 16 | X35: 17 | Y35: 15
C36: 도착기록 | D36: 0.035138889 | E36: 0.029016204 | F36: 0.033726852 | G36: 0.030335648 | H36: 0.033344907 | I36: 0.032430556 | J36: 0.029305556 | K36: 0.031701389 | L36: 0.031157407 | M36: 0.029525463 | N36: 0 | O36: 0.033900463 | P36: 0.039490741 | Q36: 0.03744213 | R36: 0.038252315 | S36: 0.035787037 | T36: 0.037835648 | U36: 0.036863426 | V36: 0.032094907 | W36: 0.035902778 | X36: 0.035208333 | Y36: 0.038009259 | Z36: 0
C37: 종합기록 | D37: 0.035138889 | E37: 0.029016204 | F37: 0.03372685 | G37: 0.030335649 | H37: 0.033344907 | I37: 0.032430556 | J37: 0.029305555 | K37: 0.031701389 | L37: 0.031157408 | M37: 0.029525463 | O37: 0.033900462 | P37: 0.03949074 | Q37: 0.03744213 | R37: 0.038252315 | S37: 0.035787037 | T37: 0.037835648 | U37: 0.036863426 | V37: 0.032094907 | W37: 0.035902777 | X37: 0.035208334 | Y37: 0.03800926
C38: 종합순위 | D38: 12 | E38: 1 | F38: 10 | G38: 4 | H38: 9 | I38: 8 | J38: 2 | K38: 6 | L38: 5 | M38: 3 | O38: 11 | P38: 21 | Q38: 17 | R38: 20 | S38: 14 | T38: 18 | U38: 16 | V38: 7 | W38: 15 | X38: 13 | Y38: 19
C39: 넘 버 | D39: 1-5 | E39: 2-5 | F39: 3-5 | G39: 4-5 | H39: 5-5 | I39: 6-5 | J39: 7-5 | K39: 8-5 | L39: 9-5 | M39: 10-5 | N39: 0 | O39: 11-5 | P39: 12-5 | Q39: 13-5 | R39: 14-5 | S39: 15-5 | T39: 16-5 | U39: 17-5 | V39: 18-5 | W39: 19-5 | X39: 20-5 | Y39: 21-5 | Z39: 0
A40: 5소구 | C40: 성 명 | D40: 김지원 | E40: 유채연 | F40: 강세민 | G40: 서주경 | H40: 이휘아 | I40: 김도희 | J40: 김시연 | K40: 윤소영 | L40: 정예주 | M40: 서예림 | N40: 0 | O40: 김한솔 | P40: 안지율 | Q40: 김주연 | R40: 이서연 | S40: 김태경 | T40: 전수빈 | U40: 박현주 | V40: 서민지 | W40: 최은서 | X40: 김윤슬 | Y40: 김보미 | Z40: 0
C41: 동시출발시간 | D41: 0.032430556 | E41: 0 | F41: 0.032430556 | G41: 0 | H41: 0.032430556 | I41: 0 | J41: 0 | K41: 0 | L41: 0 | M41: 0 | N41: 0 | O41: 0.032430556 | P41: 0.032430556 | Q41: 0.032430556 | R41: 0.032430556 | S41: 0.032430556 | T41: 0.032430556 | U41: 0.032430556 | V41: 0 | W41: 0.032430556 | X41: 0.032430556 | Y41: 0.032430556 | Z41: 0
C42: 동시출발차 | D42: 0.0027083333 | E42: 0 | F42: 0.0012962963 | G42: 0 | H42: 0.00091435185 | I42: 0 | J42: 0 | K42: 0 | L42: 0 | M42: 0 | N42: 0 | O42: 0.0014699074 | P42: 0.0070601852 | Q42: 0.0050115741 | R42: 0.0058217593 | S42: 0.0033564815 | T42: 0.0054050926 | U42: 0.0044328704 | V42: 0 | W42: 0.0034722222 | X42: 0.0027777778 | Y42: 0.0055787037 | Z42: 0
A43: 2 | B43: 정상 | C43: 5소구기록 | D43: 0.006412037 | E43: 0.007488426 | F43: 0.00681713 | G43: 0.007337963 | H43: 0.008043981 | I43: 0.007650463 | J43: 0.006539352 | K43: 0.007708333 | L43: 0.007141204 | M43: 0.0071875 | N43: 0 | O43: 0.008344907 | P43: 0.007175926 | Q43: 0.008506944 | R43: 0.008981481 | S43: 0.009270833 | T43: 0.0090625 | U43: 0.008263889 | V43: 0.007233796 | W43: 0.008460648 | X43: 0.008171296 | Y43: 0.009641204 | Z43: 0
A44: 13.071895 | B44: TRUE | C44: 5소구등위 | D44: 1 | E44: 9 | F44: 3 | G44: 8 | H44: 12 | I44: 10 | J44: 2 | K44: 11 | L44: 4 | M44: 6 | O44: 15 | P44: 5 | Q44: 17 | R44: 18 | S44: 20 | T44: 19 | U44: 14 | V44: 7 | W44: 16 | X44: 13 | Y44: 21
C45: 도착기록 | D45: 0.038842593 | E45: 0.03650463 | F45: 0.039247685 | G45: 0.037673611 | H45: 0.040474537 | I45: 0.040081019 | J45: 0.035844907 | K45: 0.039409722 | L45: 0.038298611 | M45: 0.036712963 | N45: 0 | O45: 0.040775463 | P45: 0.039606481 | Q45: 0.0409375 | R45: 0.041412037 | S45: 0.041701389 | T45: 0.041493056 | U45: 0.040694444 | V45: 0.039328704 | W45: 0.040891204 | X45: 0.040601852 | Y45: 0.042071759 | Z45: 0
C46: 종합기록 | D46: 0.041550926 | E46: 0.03650463 | F46: 0.04054398 | G46: 0.037673612 | H46: 0.041388888 | I46: 0.040081019 | J46: 0.035844907 | K46: 0.039409722 | L46: 0.038298612 | M46: 0.036712963 | O46: 0.042245369 | P46: 0.046666666 | Q46: 0.045949074 | R46: 0.047233796 | S46: 0.04505787 | T46: 0.046898148 | U46: 0.045127315 | V46: 0.039328703 | W46: 0.044363425 | X46: 0.04337963 | Y46: 0.047650464
C47: 종합순위 | D47: 11 | E47: 2 | F47: 9 | G47: 4 | H47: 10 | I47: 8 | J47: 1 | K47: 7 | L47: 5 | M47: 3 | O47: 12 | P47: 18 | Q47: 17 | R47: 20 | S47: 15 | T47: 19 | U47: 16 | V47: 6 | W47: 14 | X47: 13 | Y47: 21
C48: 넘 버 | D48: 1-6 | E48: 2-6 | F48: 3-6 | G48: 4-6 | H48: 5-6 | I48: 6-6 | J48: 7-6 | K48: 8-6 | L48: 9-6 | M48: 10-6 | N48: 0 | O48: 11-6 | P48: 12-6 | Q48: 13-6 | R48: 14-6 | S48: 15-6 | T48: 16-6 | U48: 17-6 | V48: 18-6 | W48: 19-6 | X48: 20-6 | Y48: 21-6 | Z48: 0
A49: 6소구 | C49: 성 명 | D49: 이도현 | E49: 안세현 | F49: 박승연 | G49: 김민진 | H49: 곽동은 | I49: 구태익 | J49: 최유찬 | K49: 하태훈 | L49: 박현준 | M49: 전효근 | N49: 0 | O49: 김한성 | P49: 심재겸 | Q49: 박경민 | R49: 방재영 | S49: 이서준 | T49: 권호영 | U49: 이승주 | V49: 김태양 | W49: 강한영 | X49: 하윤 | Y49: 전지훈 | Z49: 0
C50: 동시출발시간 | D50: 0 | E50: 0 | F50: 0 | G50: 0 | H50: 0 | I50: 0 | J50: 0 | K50: 0 | L50: 0 | M50: 0 | N50: 0 | O50: 0 | P50: 0 | Q50: 0 | R50: 0 | S50: 0 | T50: 0 | U50: 0 | V50: 0 | W50: 0 | X50: 0 | Y50: 0 | Z50: 0
C51: 동시출발차 | D51: 0 | E51: 0 | F51: 0 | G51: 0 | H51: 0 | I51: 0 | J51: 0 | K51: 0 | L51: 0 | M51: 0 | N51: 0 | O51: 0 | P51: 0 | Q51: 0 | R51: 0 | S51: 0 | T51: 0 | U51: 0 | V51: 0 | W51: 0 | X51: 0 | Y51: 0 | Z51: 0
A52: 2.3 | B52: 정상 | C52: 6소구기록 | D52: 0.005891204 | E52: 0.005277778 | F52: 0.005902778 | G52: 0.00587963 | H52: 0.006493056 | I52: 0.006377315 | J52: 0.006041667 | K52: 0.005520833 | L52: 0.005520833 | M52: 0.005706019 | N52: 0 | O52: 0.006284722 | P52: 0.006342593 | Q52: 0.0059375 | R52: 0.007337963 | S52: 0.006365741 | T52: 0.006469907 | U52: 0.00625 | V52: 0.006203704 | W52: 0.006145833 | X52: 0.006018519 | Y52: 0.006631944 | Z52: 0
A53: 15.03268 | B53: TRUE | C53: 6소구등위 | D53: 6 | E53: 1 | F53: 7 | G53: 5 | H53: 19 | I53: 17 | J53: 10 | K53: 2(2) | L53: 2(2) | M53: 4 | O53: 14 | P53: 15 | Q53: 8 | R53: 21 | S53: 16 | T53: 18 | U53: 13 | V53: 12 | W53: 11 | X53: 9 | Y53: 20
C54: 도착기록 | D54: 0.044733796 | E54: 0.041782407 | F54: 0.045150463 | G54: 0.043553241 | H54: 0.046967593 | I54: 0.046458333 | J54: 0.041886574 | K54: 0.044930556 | L54: 0.043819444 | M54: 0.042418981 | N54: 0 | O54: 0.047060185 | P54: 0.045949074 | Q54: 0.046875 | R54: 0.04875 | S54: 0.04806713 | T54: 0.047962963 | U54: 0.046944444 | V54: 0.045532407 | W54: 0.047037037 | X54: 0.04662037 | Y54: 0.048703704 | Z54: 0
C55: 종합기록 | D55: 0.04744213 | E55: 0.041782408 | F55: 0.046446758 | G55: 0.043553242 | H55: 0.047881944 | I55: 0.046458334 | J55: 0.041886574 | K55: 0.044930555 | L55: 0.043819445 | M55: 0.042418982 | O55: 0.048530091 | P55: 0.053009259 | Q55: 0.051886574 | R55: 0.054571759 | S55: 0.051423611 | T55: 0.053368055 | U55: 0.051377315 | V55: 0.045532407 | W55: 0.050509258 | X55: 0.049398149 | Y55: 0.054282408
C56: 종합순위 | D56: 10 | E56: 1 | F56: 8 | G56: 4 | H56: 11 | I56: 9 | J56: 2 | K56: 6 | L56: 5 | M56: 3 | O56: 12 | P56: 18 | Q56: 17 | R56: 21 | S56: 16 | T56: 19 | U56: 15 | V56: 7 | W56: 14 | X56: 13 | Y56: 20
C64: 최종종합기록 | D64: 0.04744213 | E64: 0.041782408 | F64: 0.046446758 | G64: 0.043553242 | H64: 0.047881944 | I64: 0.046458334 | J64: 0.041886574 | K64: 0.044930555 | L64: 0.043819445 | M64: 0.042418982 | O64: 0.048530091 | P64: 0.053009259 | Q64: 0.051886574 | R64: 0.054571759 | S64: 0.051423611 | T64: 0.053368055 | U64: 0.051377315 | V64: 0.045532407 | W64: 0.050509258 | X64: 0.049398149 | Y64: 0.054282408
A65: 최종종합순위 | D65: 10 | E65: 1 | F65: 8 | G65: 4 | H65: 11 | I65: 9 | J65: 2 | K65: 6 | L65: 5 | M65: 3 | O65: 12 | P65: 18 | Q65: 17 | R65: 21 | S65: 16 | T65: 19 | U65: 15 | V65: 7 | W65: 14 | X65: 13 | Y65: 20
D66: 10 | E66: 1 | F66: 8 | G66: 4 | H66: 11 | I66: 9 | J66: 2 | K66: 6 | L66: 5 | M66: 3 | O66: 12 | P66: 18 | Q66: 17 | R66: 21 | S66: 16 | T66: 19 | U66: 15 | V66: 7 | W66: 14 | X66: 13 | Y66: 20
A67: 시군별종합순위 | D67: 10[9] | E67: 1[1] | F67: 8[7] | G67: 4[4] | H67: 11[10] | I67: 9[8] | J67: 2[2] | K67: 6[6] | L67: 5[5] | M67: 3[3] | O67: 12[2] | P67: 18[8] | Q67: 17[7] | R67: 21[11] | S67: 16[6] | T67: 19[9] | U67: 15[5] | V67: 7[1] | W67: 14[4] | X67: 13[3] | Y67: 20[10]
A68: 소 속 | D68: 포항 | E68: 경주 | F68: 김천 | G68: 안동 | H68: 구미 | I68: 영주 | J68: 영천 | K68: 상주 | L68: 문경 | M68: 경산 | N68: 군위 | O68: 의성 | P68: 청송 | Q68: 영양 | R68: 영덕 | S68: 청도 | T68: 고령 | U68: 성주 | V68: 칠곡 | W68: 예천 | X68: 봉화 | Y68: 울진 | Z68: 울릉
D69: 0.04744213 | E69: 0.041782408 | F69: 0.046446758 | G69: 0.043553242 | H69: 0.047881944 | I69: 0.046458334 | J69: 0.041886574 | K69: 0.044930555 | L69: 0.043819445 | M69: 0.042418982 | O69: 0.048530091 | P69: 0.053009259 | Q69: 0.051886574 | R69: 0.054571759 | S69: 0.051423611 | T69: 0.053368055 | U69: 0.051377315 | V69: 0.045532407 | W69: 0.050509258 | X69: 0.049398149 | Y69: 0.054282408
A70: 동기록시 등위
D110: 포항 | E110: 경주 | F110: 김천 | G110: 안동 | H110: 구미 | I110: 영주 | J110: 영천 | K110: 상주 | L110: 문경 | M110: 경산 | N110: 군위 | O110: 의성 | P110: 청송 | Q110: 영양 | R110: 영덕 | S110: 청도 | T110: 고령 | U110: 성주 | V110: 칠곡 | W110: 예천 | X110: 봉화 | Y110: 울진 | Z110: 울릉
C112: 종합순위 | D112: 4 | E112: 7 | F112: 11 | G112: 3 | H112: 5 | I112: 1 | J112: 14 | K112: 6 | L112: 12 | M112: 2 | N112: 18 | O112: 22 | P112: 10 | Q112: 21 | R112: 8 | S112: 17 | T112: 13 | U112: 15 | V112: 9 | W112: 20 | X112: 16 | Y112: 19
D113: 포항 | E113: 경주 | F113: 김천 | G113: 안동 | H113: 구미 | I113: 영주 | J113: 영천 | K113: 상주 | L113: 문경 | M113: 경산 | N113: 군위 | O113: 의성 | P113: 청송 | Q113: 영양 | R113: 영덕 | S113: 청도 | T113: 고령 | U113: 성주 | V113: 칠곡 | W113: 예천 | X113: 봉화 | Y113: 울진 | Z113: 울릉
C114: 1소구 | D114: 0.0074305556 | E114: 0.0069560185 | F114: 0.0074884259 | G114: 0.0069097222 | H114: 0.0076273148 | I114: 0.0067708333 | J114: 0.0064699074 | K114: 0.008125 | L114: 0.0076967593 | M114: 0.0066435185 | N114: 0.008900463 | O114: 0.009224537 | P114: 0.0075462963 | Q114: 0.0091435185 | R114: 0.0063425926 | S114: 0.0086805556 | T114: 0.0080092593 | U114: 0.0074074074 | V114: 0.0077314815 | W114: 0.010486111 | X114: 0.0080439815 | Y114: 0.010023148 | Z114: 0
C115: 2소구 | D115: 0.0068518519 | E115: 0.0070717593 | F115: 0.0071875 | G115: 0.0068981481 | H115: 0.006875 | I115: 0.007349537 | J115: 0.0092824074 | K115: 0.0070601852 | L115: 0.0073842593 | M115: 0.0070717593 | N115: 0.0077314815 | O115: 0.0089467593 | P115: 0.008125 | Q115: 0.0084027778 | R115: 0.0074421296 | S115: 0.0084722222 | T115: 0.0077430556 | U115: 0.0089699074 | V115: 0.0073148148 | W115: 0.0084606481 | X115: 0.0080208333 | Y115: 0.0078009259 | Z115: 0
C116: 3소구 | D116: 0.0058449074 | E116: 0.0063541667 | F116: 0.0059722222 | G116: 0.0054861111 | H116: 0.0062268519 | I116: 0.0055092593 | J116: 0.0052777778 | K116: 0.0060185185 | L116: 0.0059375 | M116: 0.0060416667 | N116: 0.0078935185 | O116: 0.0068287037 | P116: 0.0055439815 | Q116: 0.0067361111 | R116: 0.007337963 | S116: 0.007349537 | T116: 0.0063657407 | U116: 0.0059953704 | V116: 0.0062615741 | W116: 0.0073842593 | X116: 0.0070717593 | Y116: 0.0067939815 | Z116: 0
C117: 4소구 | D117: 0.0087615741 | E117: 0.0092361111 | F117: 0.0089699074 | G117: 0.0090393519 | H117: 0.0086921296 | I117: 0.0084490741 | J117: 0.0094907407 | K117: 0.0088310185 | L117: 0.0092013889 | M117: 0.0079166667 | N117: 0.0099537037 | O117: 0.012893519 | P117: 0.0090972222 | Q117: 0.011180556 | R117: 0.0094328704 | S117: 0.0095717593 | T117: 0.0097106481 | U117: 0.010381944 | V117: 0.008599537 | W117: 0.010219907 | X117: 0.0093055556 | Y117: 0.010532407 | Z117: 0
C118: 5소구 | D118: 0.0053703704 | E118: 0.0056365741 | F118: 0.0063310185 | G118: 0.0055902778 | H118: 0.005625 | I118: 0.0051851852 | J118: 0.0064236111 | K118: 0.005150463 | L118: 0.0054166667 | M118: 0.0057175926 | N118: 0.0074189815 | O118: 0.0070949074 | P118: 0.0056944444 | Q118: 0.0074189815 | R118: 0.0053356481 | S118: 0.006412037 | T118: 0.0052777778 | U118: 0.0062152778 | V118: 0.0057175926 | W118: 0.0059606481 | X118: 0.0066319444 | Y118: 0.0067824074 | Z118: 0
C119: 6소구 | D119: 0.0056597222 | E119: 0.0063194444 | F119: 0.0065740741 | G119: 0.0058680556 | H119: 0.0059837963 | I119: 0.0060532407 | J119: 0.0069212963 | K119: 0.006087963 | L119: 0.0069907407 | M119: 0.0062962963 | N119: 0.0059375 | O119: 0.0067476852 | P119: 0.0063888889 | Q119: 0.0069907407 | R119: 0.0061805556 | S119: 0.0065509259 | T119: 0.0062152778 | U119: 0.0065393519 | V119: 0.0066782407 | W119: 0.0072222222 | X119: 0.0064351852 | Y119: 0.0062962963 | Z119: 0
C120: 7소구 | D120: 0 | E120: 0 | F120: 0 | G120: 0 | H120: 0 | I120: 0 | J120: 0 | K120: 0 | L120: 0 | M120: 0 | N120: 0 | O120: 0 | P120: 0 | Q120: 0 | R120: 0 | S120: 0 | T120: 0 | U120: 0 | V120: 0 | W120: 0 | X120: 0 | Y120: 0 | Z120: 0
C122: 등위 | D122: 23 | E122: 22 | F122: 21 | G122: 20 | H122: 19 | I122: 18 | J122: 17 | K122: 16 | L122: 15 | M122: 14 | N122: 13 | O122: 12 | P122: 11 | Q122: 10 | R122: 9 | S122: 8 | T122: 7 | U122: 6 | V122: 5 | W122: 4 | X122: 3 | Y122: 2 | Z122: 1
C123: 소속 | D123: 0 | E123: 의성 | F123: 영양 | G123: 예천 | H123: 울진 | I123: 군위 | J123: 청도 | K123: 봉화 | L123: 성주 | M123: 영천 | N123: 고령 | O123: 문경 | P123: 김천 | Q123: 청송 | R123: 칠곡 | S123: 영덕 | T123: 경주 | U123: 상주 | V123: 구미 | W123: 포항 | X123: 안동 | Y123: 경산 | Z123: 영주
C124: 1소구 | D124: 0 | E124: 0.009224537 | F124: 0.0091435185 | G124: 0.010486111 | H124: 0.010023148 | I124: 0.008900463 | J124: 0.0086805556 | K124: 0.0080439815 | L124: 0.0074074074 | M124: 0.0064699074 | N124: 0.0080092593 | O124: 0.0076967593 | P124: 0.0074884259 | Q124: 0.0075462963 | R124: 0.0077314815 | S124: 0.0063425926 | T124: 0.0069560185 | U124: 0.008125 | V124: 0.0076273148 | W124: 0.0074305556 | X124: 0.0069097222 | Y124: 0.0066435185 | Z124: 0.0067708333
C125: 2소구 | D125: 0 | E125: 0.0089467593 | F125: 0.0084027778 | G125: 0.0084606481 | H125: 0.0078009259 | I125: 0.0077314815 | J125: 0.0084722222 | K125: 0.0080208333 | L125: 0.0089699074 | M125: 0.0092824074 | N125: 0.0077430556 | O125: 0.0073842593 | P125: 0.0071875 | Q125: 0.008125 | R125: 0.0073148148 | S125: 0.0074421296 | T125: 0.0070717593 | U125: 0.0070601852 | V125: 0.006875 | W125: 0.0068518519 | X125: 0.0068981481 | Y125: 0.0070717593 | Z125: 0.007349537
C126: 3소구 | D126: 0 | E126: 0.0068287037 | F126: 0.0067361111 | G126: 0.0073842593 | H126: 0.0067939815 | I126: 0.0078935185 | J126: 0.007349537 | K126: 0.0070717593 | L126: 0.0059953704 | M126: 0.0052777778 | N126: 0.0063657407 | O126: 0.0059375 | P126: 0.0059722222 | Q126: 0.0055439815 | R126: 0.0062615741 | S126: 0.007337963 | T126: 0.0063541667 | U126: 0.0060185185 | V126: 0.0062268519 | W126: 0.0058449074 | X126: 0.0054861111 | Y126: 0.0060416667 | Z126: 0.0055092593
C127: 4소구 | D127: 0 | E127: 0.012893519 | F127: 0.011180556 | G127: 0.010219907 | H127: 0.010532407 | I127: 0.0099537037 | J127: 0.0095717593 | K127: 0.0093055556 | L127: 0.010381944 | M127: 0.0094907407 | N127: 0.0097106481 | O127: 0.0092013889 | P127: 0.0089699074 | Q127: 0.0090972222 | R127: 0.008599537 | S127: 0.0094328704 | T127: 0.0092361111 | U127: 0.0088310185 | V127: 0.0086921296 | W127: 0.0087615741 | X127: 0.0090393519 | Y127: 0.0079166667 | Z127: 0.0084490741
C128: 5소구 | D128: 0 | E128: 0.0070949074 | F128: 0.0074189815 | G128: 0.0059606481 | H128: 0.0067824074 | I128: 0.0074189815 | J128: 0.006412037 | K128: 0.0066319444 | L128: 0.0062152778 | M128: 0.0064236111 | N128: 0.0052777778 | O128: 0.0054166667 | P128: 0.0063310185 | Q128: 0.0056944444 | R128: 0.0057175926 | S128: 0.0053356481 | T128: 0.0056365741 | U128: 0.005150463 | V128: 0.005625 | W128: 0.0053703704 | X128: 0.0055902778 | Y128: 0.0057175926 | Z128: 0.0051851852
C129: 6소구 | D129: 0 | E129: 0.0067476852 | F129: 0.0069907407 | G129: 0.0072222222 | H129: 0.0062962963 | I129: 0.0059375 | J129: 0.0065509259 | K129: 0.0064351852 | L129: 0.0065393519 | M129: 0.0069212963 | N129: 0.0062152778 | O129: 0.0069907407 | P129: 0.0065740741 | Q129: 0.0063888889 | R129: 0.0066782407 | S129: 0.0061805556 | T129: 0.0063194444 | U129: 0.006087963 | V129: 0.0059837963 | W129: 0.0056597222 | X129: 0.0058680556 | Y129: 0.0062962963 | Z129: 0.0060532407
C130: 7소구 | D130: 0 | E130: 0 | F130: 0 | G130: 0 | H130: 0 | I130: 0 | J130: 0 | K130: 0 | L130: 0 | M130: 0 | N130: 0 | O130: 0 | P130: 0 | Q130: 0 | R130: 0 | S130: 0 | T130: 0 | U130: 0 | V130: 0 | W130: 0 | X130: 0 | Y130: 0 | Z130: 0
